name,model,rebar_version,engine,engine_version,err,haystack_len,iters,total,median,mad,mean,stddev,min,max
captures/contiguous-letters,count-captures,0.1.0 (rev b2eef23d05),rust/regex/pikevm,0.4.14,,61436,64,4.54s,47.00ms,29.46us,47.08ms,190.79us,46.94ms,47.92ms
captures/contiguous-letters,count-captures,0.1.0 (rev b2eef23d05),rust/regex/pikevm/accEmptyStates,0.4.14,,61436,66,4.58s,45.89ms,39.15us,45.94ms,167.79us,45.53ms,46.78ms
captures/contiguous-letters,count-captures,0.1.0 (rev b2eef23d05),rust/regex/pikevm/accOneAhead,0.4.14,,61436,66,4.63s,45.84ms,106.35us,46.06ms,941.91us,45.64ms,53.22ms
curated/01-literal/sherlock-en,count,0.1.0 (rev b2eef23d05),rust/regex/pikevm,0.4.14,,899232,14364,4.55s,204.92us,208.00ns,208.80us,28.84us,204.42us,1.54ms
curated/01-literal/sherlock-en,count,0.1.0 (rev b2eef23d05),rust/regex/pikevm/accEmptyStates,0.4.14,,899232,13764,4.55s,208.21us,3.08us,217.90us,58.89us,204.71us,1.75ms
curated/01-literal/sherlock-en,count,0.1.0 (rev b2eef23d05),rust/regex/pikevm/accOneAhead,0.4.14,,899232,21127,4.55s,141.42us,83.00ns,141.94us,2.78us,141.12us,187.54us
curated/01-literal/sherlock-casei-en,count,0.1.0 (rev b2eef23d05),rust/regex/pikevm,0.4.14,,899232,9773,4.55s,305.83us,84.00ns,306.90us,3.66us,305.54us,370.42us
curated/01-literal/sherlock-casei-en,count,0.1.0 (rev b2eef23d05),rust/regex/pikevm/accEmptyStates,0.4.14,,899232,9776,4.51s,305.67us,83.00ns,306.81us,3.99us,305.08us,384.21us
curated/01-literal/sherlock-casei-en,count,0.1.0 (rev b2eef23d05),rust/regex/pikevm/accOneAhead,0.4.14,,899232,12966,4.52s,230.42us,42.00ns,231.31us,3.41us,230.25us,298.67us
curated/01-literal/sherlock-ru,count,0.1.0 (rev b2eef23d05),rust/regex/pikevm,0.4.14,,1570556,6279,4.56s,477.58us,4.58us,477.76us,6.81us,468.38us,559.25us
curated/01-literal/sherlock-ru,count,0.1.0 (rev b2eef23d05),rust/regex/pikevm/accEmptyStates,0.4.14,,1570556,6302,4.52s,474.67us,3.46us,476.00us,6.85us,468.38us,555.17us
curated/01-literal/sherlock-ru,count,0.1.0 (rev b2eef23d05),rust/regex/pikevm/accOneAhead,0.4.14,,1570556,11111,4.54s,268.33us,625.00ns,269.92us,5.13us,267.42us,351.88us
curated/01-literal/sherlock-casei-ru,count,0.1.0 (rev b2eef23d05),rust/regex/pikevm,0.4.14,,1570556,3648,4.55s,820.65us,1.90us,822.39us,7.57us,816.00us,0.99ms
curated/01-literal/sherlock-casei-ru,count,0.1.0 (rev b2eef23d05),rust/regex/pikevm/accEmptyStates,0.4.14,,1570556,3659,4.53s,818.08us,1.71us,819.88us,7.32us,815.04us,0.96ms
curated/01-literal/sherlock-casei-ru,count,0.1.0 (rev b2eef23d05),rust/regex/pikevm/accOneAhead,0.4.14,,1570556,5661,4.54s,527.67us,500.00ns,529.91us,5.33us,526.75us,646.04us
curated/01-literal/sherlock-zh,count,0.1.0 (rev b2eef23d05),rust/regex/pikevm,0.4.14,,813478,67387,4.58s,44.25us,83.00ns,44.45us,1.40us,44.04us,110.46us
curated/01-literal/sherlock-zh,count,0.1.0 (rev b2eef23d05),rust/regex/pikevm/accEmptyStates,0.4.14,,813478,67467,4.55s,44.25us,42.00ns,44.41us,1.06us,44.08us,99.88us
curated/01-literal/sherlock-zh,count,0.1.0 (rev b2eef23d05),rust/regex/pikevm/accOneAhead,0.4.14,,813478,80414,4.56s,37.17us,41.00ns,37.25us,936.00ns,37.00us,85.12us
curated/02-literal-alternate/sherlock-en,count,0.1.0 (rev b2eef23d05),rust/regex/pikevm,0.4.14,,899232,7669,4.53s,389.50us,458.00ns,391.14us,4.83us,388.50us,497.12us
curated/02-literal-alternate/sherlock-en,count,0.1.0 (rev b2eef23d05),rust/regex/pikevm/accEmptyStates,0.4.14,,899232,7673,4.54s,389.54us,249.00ns,390.91us,4.48us,388.71us,498.75us
curated/02-literal-alternate/sherlock-en,count,0.1.0 (rev b2eef23d05),rust/regex/pikevm/accOneAhead,0.4.14,,899232,11088,4.55s,269.33us,125.00ns,270.50us,3.94us,269.00us,329.58us
curated/02-literal-alternate/sherlock-casei-en,count,0.1.0 (rev b2eef23d05),rust/regex/pikevm,0.4.14,,899232,1299,4.54s,2.31ms,3.33us,2.31ms,18.22us,2.30ms,2.60ms
curated/02-literal-alternate/sherlock-casei-en,count,0.1.0 (rev b2eef23d05),rust/regex/pikevm/accEmptyStates,0.4.14,,899232,1296,4.52s,2.31ms,2.96us,2.32ms,20.38us,2.30ms,2.59ms
curated/02-literal-alternate/sherlock-casei-en,count,0.1.0 (rev b2eef23d05),rust/regex/pikevm/accOneAhead,0.4.14,,899232,1997,4.52s,1.50ms,2.62us,1.50ms,11.97us,1.49ms,1.75ms
curated/02-literal-alternate/sherlock-ru,count,0.1.0 (rev b2eef23d05),rust/regex/pikevm,0.4.14,,1570556,3460,4.56s,865.62us,2.00us,867.18us,8.17us,863.00us,1.04ms
curated/02-literal-alternate/sherlock-ru,count,0.1.0 (rev b2eef23d05),rust/regex/pikevm/accEmptyStates,0.4.14,,1570556,3462,4.53s,865.38us,2.21us,866.49us,8.63us,862.38us,1.02ms
curated/02-literal-alternate/sherlock-ru,count,0.1.0 (rev b2eef23d05),rust/regex/pikevm/accOneAhead,0.4.14,,1570556,5111,4.52s,584.62us,1.17us,586.99us,6.88us,583.17us,683.50us
curated/02-literal-alternate/sherlock-casei-ru,count,0.1.0 (rev b2eef23d05),rust/regex/pikevm,0.4.14,,1570556,394,4.52s,7.61ms,6.00us,7.62ms,35.01us,7.60ms,7.98ms
curated/02-literal-alternate/sherlock-casei-ru,count,0.1.0 (rev b2eef23d05),rust/regex/pikevm/accEmptyStates,0.4.14,,1570556,395,4.54s,7.60ms,8.83us,7.61ms,34.59us,7.58ms,7.97ms
curated/02-literal-alternate/sherlock-casei-ru,count,0.1.0 (rev b2eef23d05),rust/regex/pikevm/accOneAhead,0.4.14,,1570556,1010,4.54s,2.97ms,4.17us,2.97ms,21.53us,2.96ms,3.36ms
curated/02-literal-alternate/sherlock-zh,count,0.1.0 (rev b2eef23d05),rust/regex/pikevm,0.4.14,,813478,17680,4.57s,168.92us,83.00ns,169.62us,2.88us,168.67us,233.08us
curated/02-literal-alternate/sherlock-zh,count,0.1.0 (rev b2eef23d05),rust/regex/pikevm/accEmptyStates,0.4.14,,813478,17737,4.57s,168.50us,292.00ns,169.09us,2.81us,167.96us,236.58us
curated/02-literal-alternate/sherlock-zh,count,0.1.0 (rev b2eef23d05),rust/regex/pikevm/accOneAhead,0.4.14,,813478,21856,4.52s,136.54us,42.00ns,137.21us,3.18us,136.38us,182.83us
curated/03-date/ascii,count-spans,0.1.0 (rev b2eef23d05),rust/regex/pikevm,0.4.14,,268796,9,5.10s,360.63ms,271.50us,360.78ms,311.67us,360.36ms,361.19ms
curated/03-date/ascii,count-spans,0.1.0 (rev b2eef23d05),rust/regex/pikevm/accEmptyStates,0.4.14,,268796,9,5.15s,363.08ms,98.83us,363.28ms,401.50us,362.94ms,364.20ms
curated/03-date/ascii,count-spans,0.1.0 (rev b2eef23d05),rust/regex/pikevm/accOneAhead,0.4.14,,268796,9,5.07s,359.59ms,228.62us,359.72ms,471.01us,359.18ms,360.80ms
curated/03-date/unicode,count-spans,0.1.0 (rev b2eef23d05),rust/regex/pikevm,0.4.14,,268796,9,5.14s,362.05ms,316.33us,362.05ms,319.01us,361.68ms,362.58ms
curated/03-date/unicode,count-spans,0.1.0 (rev b2eef23d05),rust/regex/pikevm/accEmptyStates,0.4.14,,268796,9,5.11s,362.63ms,265.42us,362.87ms,448.93us,362.33ms,363.86ms
curated/03-date/unicode,count-spans,0.1.0 (rev b2eef23d05),rust/regex/pikevm/accOneAhead,0.4.14,,268796,9,5.13s,361.82ms,260.58us,361.87ms,359.35us,361.48ms,362.69ms
curated/04-ruff-noqa/real,grep-captures,0.1.0 (rev b2eef23d05),rust/regex/pikevm,0.4.14,,32514634,3,5.91s,1.17s,22.83us,1.17s,236.89us,1.17s,1.17s
curated/04-ruff-noqa/real,grep-captures,0.1.0 (rev b2eef23d05),rust/regex/pikevm/accEmptyStates,0.4.14,,32514634,3,5.93s,1.17s,1.17us,1.17s,567.61us,1.17s,1.17s
curated/04-ruff-noqa/real,grep-captures,0.1.0 (rev b2eef23d05),rust/regex/pikevm/accOneAhead,0.4.14,,32514634,3,5.86s,1.16s,136.37us,1.16s,538.45us,1.16s,1.16s
curated/04-ruff-noqa/tweaked,grep-captures,0.1.0 (rev b2eef23d05),rust/regex/pikevm,0.4.14,,32514634,89,4.60s,33.82ms,32.50us,33.86ms,98.80us,33.76ms,34.49ms
curated/04-ruff-noqa/tweaked,grep-captures,0.1.0 (rev b2eef23d05),rust/regex/pikevm/accEmptyStates,0.4.14,,32514634,91,4.57s,32.95ms,30.58us,33.00ms,301.64us,32.80ms,35.41ms
curated/04-ruff-noqa/tweaked,grep-captures,0.1.0 (rev b2eef23d05),rust/regex/pikevm/accOneAhead,0.4.14,,32514634,98,4.55s,30.81ms,28.08us,30.83ms,74.39us,30.74ms,31.22ms
curated/05-lexer-veryl/single,count-captures,0.1.0 (rev b2eef23d05),rust/regex/pikevm,0.4.14,,150600,9,5.05s,356.39ms,213.37us,356.55ms,507.39us,356.15ms,357.87ms
curated/05-lexer-veryl/single,count-captures,0.1.0 (rev b2eef23d05),rust/regex/pikevm/accEmptyStates,0.4.14,,150600,9,5.05s,356.89ms,151.00us,357.21ms,575.90us,356.74ms,358.47ms
curated/05-lexer-veryl/single,count-captures,0.1.0 (rev b2eef23d05),rust/regex/pikevm/accOneAhead,0.4.14,,150600,9,5.04s,357.67ms,341.50us,357.67ms,337.95us,357.05ms,358.09ms
curated/05-lexer-veryl/multi,count-spans,0.1.0 (rev b2eef23d05),rust/regex/pikevm,0.4.14,,150600,8,4.63s,383.40ms,113.87us,383.57ms,448.70us,383.28ms,384.72ms
curated/05-lexer-veryl/multi,count-spans,0.1.0 (rev b2eef23d05),rust/regex/pikevm/accEmptyStates,0.4.14,,150600,8,4.62s,381.45ms,392.00us,381.45ms,418.31us,380.90ms,382.22ms
curated/05-lexer-veryl/multi,count-spans,0.1.0 (rev b2eef23d05),rust/regex/pikevm/accOneAhead,0.4.14,,150600,8,4.62s,382.05ms,401.56us,382.07ms,455.18us,381.52ms,382.94ms
curated/06-cloud-flare-redos/original,count-spans,0.1.0 (rev b2eef23d05),rust/regex/pikevm,0.4.14,,107,425977,4.80s,6.96us,1.00ns,6.98us,501.00ns,6.83us,54.71us
curated/06-cloud-flare-redos/original,count-spans,0.1.0 (rev b2eef23d05),rust/regex/pikevm/accEmptyStates,0.4.14,,107,405166,4.79s,7.33us,41.00ns,7.33us,500.00ns,7.08us,59.12us
curated/06-cloud-flare-redos/original,count-spans,0.1.0 (rev b2eef23d05),rust/regex/pikevm/accOneAhead,0.4.14,,107,405061,4.74s,7.33us,41.00ns,7.34us,509.00ns,7.08us,62.46us
curated/06-cloud-flare-redos/simplified-short,count-spans,0.1.0 (rev b2eef23d05),rust/regex/pikevm,0.4.14,,102,537617,4.83s,5.50us,0.00ns,5.51us,406.00ns,5.38us,52.88us
curated/06-cloud-flare-redos/simplified-short,count-spans,0.1.0 (rev b2eef23d05),rust/regex/pikevm/accEmptyStates,0.4.14,,102,528829,4.82s,5.58us,41.00ns,5.61us,387.00ns,5.42us,67.96us
curated/06-cloud-flare-redos/simplified-short,count-spans,0.1.0 (rev b2eef23d05),rust/regex/pikevm/accOneAhead,0.4.14,,102,504643,4.84s,5.83us,42.00ns,5.88us,597.00ns,5.62us,57.54us
curated/06-cloud-flare-redos/simplified-long,count-spans,0.1.0 (rev b2eef23d05),rust/regex/pikevm,0.4.14,,10001,5659,4.51s,528.25us,84.00ns,530.09us,5.46us,528.08us,651.58us
curated/06-cloud-flare-redos/simplified-long,count-spans,0.1.0 (rev b2eef23d05),rust/regex/pikevm/accEmptyStates,0.4.14,,10001,5559,4.52s,538.04us,916.00ns,539.61us,5.36us,536.12us,643.75us
curated/06-cloud-flare-redos/simplified-long,count-spans,0.1.0 (rev b2eef23d05),rust/regex/pikevm/accOneAhead,0.4.14,,10001,5504,4.53s,542.08us,1.33us,544.98us,7.36us,539.62us,669.83us
curated/07-unicode-character-data/parse-line,grep-captures,0.1.0 (rev b2eef23d05),rust/regex/pikevm,0.4.14,,1913704,50,4.59s,60.44ms,27.71us,60.47ms,139.89us,60.37ms,61.03ms
curated/07-unicode-character-data/parse-line,grep-captures,0.1.0 (rev b2eef23d05),rust/regex/pikevm/accEmptyStates,0.4.14,,1913704,50,4.63s,61.10ms,37.94us,61.10ms,92.26us,60.99ms,61.64ms
curated/07-unicode-character-data/parse-line,grep-captures,0.1.0 (rev b2eef23d05),rust/regex/pikevm/accOneAhead,0.4.14,,1913704,50,4.56s,60.44ms,38.40us,60.47ms,115.15us,60.34ms,60.87ms
curated/08-words/all-english,count-spans,0.1.0 (rev b2eef23d05),rust/regex/pikevm,0.4.14,,76401,1176,4.54s,2.55ms,3.83us,2.55ms,20.35us,2.54ms,2.94ms
curated/08-words/all-english,count-spans,0.1.0 (rev b2eef23d05),rust/regex/pikevm/accEmptyStates,0.4.14,,76401,1182,4.54s,2.53ms,2.50us,2.54ms,18.99us,2.53ms,2.94ms
curated/08-words/all-english,count-spans,0.1.0 (rev b2eef23d05),rust/regex/pikevm/accOneAhead,0.4.14,,76401,1140,4.51s,2.63ms,3.35us,2.63ms,18.43us,2.62ms,2.92ms
curated/08-words/all-russian,count-spans,0.1.0 (rev b2eef23d05),rust/regex/pikevm,0.4.14,,123942,483,4.54s,6.21ms,6.58us,6.21ms,24.78us,6.20ms,6.57ms
curated/08-words/all-russian,count-spans,0.1.0 (rev b2eef23d05),rust/regex/pikevm/accEmptyStates,0.4.14,,123942,483,4.53s,6.22ms,6.08us,6.22ms,28.19us,6.20ms,6.60ms
curated/08-words/all-russian,count-spans,0.1.0 (rev b2eef23d05),rust/regex/pikevm/accOneAhead,0.4.14,,123942,489,4.53s,6.13ms,5.54us,6.14ms,39.68us,6.12ms,6.57ms
curated/08-words/long-english,count-spans,0.1.0 (rev b2eef23d05),rust/regex/pikevm,0.4.14,,76401,1753,4.52s,1.71ms,2.58us,1.71ms,26.36us,1.70ms,2.00ms
curated/08-words/long-english,count-spans,0.1.0 (rev b2eef23d05),rust/regex/pikevm/accEmptyStates,0.4.14,,76401,1762,4.55s,1.70ms,3.79us,1.70ms,14.79us,1.69ms,1.96ms
curated/08-words/long-english,count-spans,0.1.0 (rev b2eef23d05),rust/regex/pikevm/accOneAhead,0.4.14,,76401,1686,4.53s,1.78ms,2.06us,1.78ms,12.84us,1.77ms,2.04ms
curated/08-words/long-russian,count-spans,0.1.0 (rev b2eef23d05),rust/regex/pikevm,0.4.14,,123942,707,4.54s,4.24ms,4.54us,4.25ms,23.71us,4.23ms,4.58ms
curated/08-words/long-russian,count-spans,0.1.0 (rev b2eef23d05),rust/regex/pikevm/accEmptyStates,0.4.14,,123942,704,4.55s,4.26ms,4.81us,4.26ms,21.02us,4.25ms,4.59ms
curated/08-words/long-russian,count-spans,0.1.0 (rev b2eef23d05),rust/regex/pikevm/accOneAhead,0.4.14,,123942,695,4.52s,4.32ms,4.54us,4.32ms,24.15us,4.31ms,4.71ms
curated/09-aws-keys/full,grep-captures,0.1.0 (rev b2eef23d05),rust/regex/pikevm,0.4.14,,32514634,3,7.46s,1.48s,67.79us,1.48s,144.23us,1.48s,1.48s
curated/09-aws-keys/full,grep-captures,0.1.0 (rev b2eef23d05),rust/regex/pikevm/accEmptyStates,0.4.14,,32514634,3,7.41s,1.48s,221.87us,1.48s,879.22us,1.47s,1.48s
curated/09-aws-keys/full,grep-captures,0.1.0 (rev b2eef23d05),rust/regex/pikevm/accOneAhead,0.4.14,,32514634,3,7.35s,1.46s,461.96us,1.46s,446.41us,1.46s,1.46s
curated/09-aws-keys/quick,grep,0.1.0 (rev b2eef23d05),rust/regex/pikevm,0.4.14,,32514634,107,4.57s,28.04ms,26.00us,28.05ms,74.63us,27.95ms,28.42ms
curated/09-aws-keys/quick,grep,0.1.0 (rev b2eef23d05),rust/regex/pikevm/accEmptyStates,0.4.14,,32514634,112,4.58s,26.92ms,24.42us,26.94ms,76.91us,26.83ms,27.35ms
curated/09-aws-keys/quick,grep,0.1.0 (rev b2eef23d05),rust/regex/pikevm/accOneAhead,0.4.14,,32514634,114,4.58s,26.40ms,33.75us,26.45ms,285.59us,26.27ms,28.89ms
curated/10-bounded-repeat/letters-en,count,0.1.0 (rev b2eef23d05),rust/regex/pikevm,0.4.14,,151522,585,4.51s,5.13ms,5.38us,5.13ms,18.69us,5.12ms,5.33ms
curated/10-bounded-repeat/letters-en,count,0.1.0 (rev b2eef23d05),rust/regex/pikevm/accEmptyStates,0.4.14,,151522,585,4.51s,5.12ms,5.54us,5.13ms,29.87us,5.11ms,5.51ms
curated/10-bounded-repeat/letters-en,count,0.1.0 (rev b2eef23d05),rust/regex/pikevm/accOneAhead,0.4.14,,151522,571,4.53s,5.26ms,5.50us,5.26ms,29.03us,5.24ms,5.53ms
curated/10-bounded-repeat/letters-ru,count,0.1.0 (rev b2eef23d05),rust/regex/pikevm,0.4.14,,248919,286,4.53s,10.50ms,12.21us,10.51ms,38.48us,10.47ms,10.86ms
curated/10-bounded-repeat/letters-ru,count,0.1.0 (rev b2eef23d05),rust/regex/pikevm/accEmptyStates,0.4.14,,248919,286,4.52s,10.52ms,17.69us,10.52ms,46.33us,10.49ms,10.93ms
curated/10-bounded-repeat/letters-ru,count,0.1.0 (rev b2eef23d05),rust/regex/pikevm/accOneAhead,0.4.14,,248919,281,4.55s,10.70ms,15.12us,10.71ms,42.70us,10.67ms,11.02ms
curated/10-bounded-repeat/context,count,0.1.0 (rev b2eef23d05),rust/regex/pikevm,0.4.14,,7384531,12,4.68s,259.20ms,226.23us,259.21ms,305.75us,258.70ms,259.66ms
curated/10-bounded-repeat/context,count,0.1.0 (rev b2eef23d05),rust/regex/pikevm/accEmptyStates,0.4.14,,7384531,12,4.72s,259.14ms,174.94us,259.14ms,292.26us,258.53ms,259.71ms
curated/10-bounded-repeat/context,count,0.1.0 (rev b2eef23d05),rust/regex/pikevm/accOneAhead,0.4.14,,7384531,12,4.82s,265.47ms,119.12us,265.51ms,180.76us,265.21ms,265.91ms
curated/10-bounded-repeat/capitals,count,0.1.0 (rev b2eef23d05),rust/regex/pikevm,0.4.14,,7384531,24,4.68s,126.13ms,473.44us,126.05ms,909.22us,123.74ms,127.28ms
curated/10-bounded-repeat/capitals,count,0.1.0 (rev b2eef23d05),rust/regex/pikevm/accEmptyStates,0.4.14,,7384531,25,4.73s,123.52ms,293.25us,123.93ms,0.98ms,123.11ms,126.66ms
curated/10-bounded-repeat/capitals,count,0.1.0 (rev b2eef23d05),rust/regex/pikevm/accOneAhead,0.4.14,,7384531,24,4.70s,129.35ms,567.40us,129.31ms,796.08us,128.15ms,130.90ms
curated/11-unstructured-to-json/extract,grep-captures,0.1.0 (rev b2eef23d05),rust/regex/pikevm,0.4.14,,23952,3738,4.53s,790.29us,2.75us,802.62us,27.44us,786.92us,1.03ms
curated/11-unstructured-to-json/extract,grep-captures,0.1.0 (rev b2eef23d05),rust/regex/pikevm/accEmptyStates,0.4.14,,23952,3727,4.51s,794.08us,2.08us,805.01us,27.19us,790.88us,0.95ms
curated/11-unstructured-to-json/extract,grep-captures,0.1.0 (rev b2eef23d05),rust/regex/pikevm/accOneAhead,0.4.14,,23952,3658,4.53s,818.04us,792.00ns,820.21us,7.62us,816.92us,0.97ms
curated/12-dictionary/single,count,0.1.0 (rev b2eef23d05),rust/regex/pikevm,0.4.14,,61436,1034,4.56s,2.90ms,3.77us,2.90ms,19.59us,2.88ms,3.23ms
curated/12-dictionary/single,count,0.1.0 (rev b2eef23d05),rust/regex/pikevm/accEmptyStates,0.4.14,,61436,1038,4.56s,2.89ms,4.40us,2.89ms,16.32us,2.86ms,3.16ms
curated/12-dictionary/single,count,0.1.0 (rev b2eef23d05),rust/regex/pikevm/accOneAhead,0.4.14,,61436,1012,4.53s,2.96ms,3.54us,2.97ms,16.59us,2.95ms,3.22ms
curated/12-dictionary/multi,count,0.1.0 (rev b2eef23d05),rust/regex/pikevm,0.4.14,,61436,92,4.93s,32.85ms,44.94us,32.91ms,268.87us,32.75ms,34.57ms
curated/12-dictionary/multi,count,0.1.0 (rev b2eef23d05),rust/regex/pikevm/accEmptyStates,0.4.14,,61436,92,4.97s,32.87ms,64.56us,32.91ms,188.41us,32.75ms,34.26ms
curated/12-dictionary/multi,count,0.1.0 (rev b2eef23d05),rust/regex/pikevm/accOneAhead,0.4.14,,61436,1186,4.88s,2.52ms,6.29us,2.53ms,60.91us,2.50ms,4.38ms
curated/13-noseyparker/single,count,0.1.0 (rev b2eef23d05),rust/regex/pikevm,0.4.14,timeout: exceeded 10s,,0,0.00ns,0.00ns,0.00ns,0.00ns,0.00ns,0.00ns,0.00ns
curated/13-noseyparker/single,count,0.1.0 (rev b2eef23d05),rust/regex/pikevm/accEmptyStates,0.4.14,timeout: exceeded 10s,,0,0.00ns,0.00ns,0.00ns,0.00ns,0.00ns,0.00ns,0.00ns
curated/13-noseyparker/single,count,0.1.0 (rev b2eef23d05),rust/regex/pikevm/accOneAhead,0.4.14,timeout: exceeded 10s,,0,0.00ns,0.00ns,0.00ns,0.00ns,0.00ns,0.00ns,0.00ns
curated/13-noseyparker/multi,count,0.1.0 (rev b2eef23d05),rust/regex/pikevm,0.4.14,timeout: exceeded 10s,,0,0.00ns,0.00ns,0.00ns,0.00ns,0.00ns,0.00ns,0.00ns
curated/13-noseyparker/multi,count,0.1.0 (rev b2eef23d05),rust/regex/pikevm/accEmptyStates,0.4.14,timeout: exceeded 10s,,0,0.00ns,0.00ns,0.00ns,0.00ns,0.00ns,0.00ns,0.00ns
curated/13-noseyparker/multi,count,0.1.0 (rev b2eef23d05),rust/regex/pikevm/accOneAhead,0.4.14,timeout: exceeded 10s,,0,0.00ns,0.00ns,0.00ns,0.00ns,0.00ns,0.00ns,0.00ns
curated/14-quadratic/1x,count,0.1.0 (rev b2eef23d05),rust/regex/pikevm,0.4.14,,100,28039,4.54s,103.33us,1.42us,106.91us,6.64us,101.71us,160.71us
curated/14-quadratic/1x,count,0.1.0 (rev b2eef23d05),rust/regex/pikevm/accEmptyStates,0.4.14,,100,28303,4.53s,101.88us,125.00ns,105.92us,6.43us,101.62us,166.92us
curated/14-quadratic/1x,count,0.1.0 (rev b2eef23d05),rust/regex/pikevm/accOneAhead,0.4.14,,100,26893,4.57s,108.50us,167.00ns,111.48us,5.22us,108.25us,172.08us
curated/14-quadratic/2x,count,0.1.0 (rev b2eef23d05),rust/regex/pikevm,0.4.14,,200,7293,4.52s,408.50us,20.17us,411.29us,22.35us,388.04us,513.79us
curated/14-quadratic/2x,count,0.1.0 (rev b2eef23d05),rust/regex/pikevm/accEmptyStates,0.4.14,,200,7580,4.56s,388.17us,208.00ns,395.73us,15.53us,387.83us,540.79us
curated/14-quadratic/2x,count,0.1.0 (rev b2eef23d05),rust/regex/pikevm/accOneAhead,0.4.14,,200,7082,4.54s,416.42us,1.88us,423.53us,15.05us,414.46us,541.29us
curated/14-quadratic/10x,count,0.1.0 (rev b2eef23d05),rust/regex/pikevm,0.4.14,,1000,309,4.56s,9.83ms,150.75us,9.72ms,268.95us,9.32ms,10.18ms
curated/14-quadratic/10x,count,0.1.0 (rev b2eef23d05),rust/regex/pikevm/accEmptyStates,0.4.14,,1000,310,4.55s,9.67ms,144.73us,9.70ms,202.29us,9.32ms,10.15ms
curated/14-quadratic/10x,count,0.1.0 (rev b2eef23d05),rust/regex/pikevm/accOneAhead,0.4.14,,1000,298,4.51s,10.02ms,20.38us,10.08ms,136.53us,9.99ms,10.82ms
dictionary/search/english,count-spans,0.1.0 (rev b2eef23d05),rust/regex/pikevm,0.4.14,,61436,1075,4.89s,2.79ms,2.83us,2.79ms,14.20us,2.78ms,3.07ms
dictionary/search/english,count-spans,0.1.0 (rev b2eef23d05),rust/regex/pikevm/accEmptyStates,0.4.14,,61436,1040,4.91s,2.87ms,5.58us,2.89ms,39.42us,2.86ms,3.26ms
dictionary/search/english,count-spans,0.1.0 (rev b2eef23d05),rust/regex/pikevm/accOneAhead,0.4.14,,61436,1028,4.90s,2.92ms,3.67us,2.92ms,15.47us,2.90ms,3.15ms
dictionary/search/english-tiny,count-spans,0.1.0 (rev b2eef23d05),rust/regex/pikevm,0.4.14,,108,811332,5.33s,3.62us,0.00ns,3.64us,310.00ns,3.50us,52.21us
dictionary/search/english-tiny,count-spans,0.1.0 (rev b2eef23d05),rust/regex/pikevm/accEmptyStates,0.4.14,,108,789337,5.35s,3.71us,41.00ns,3.74us,454.00ns,3.54us,47.79us
dictionary/search/english-tiny,count-spans,0.1.0 (rev b2eef23d05),rust/regex/pikevm/accOneAhead,0.4.14,,108,770121,5.33s,3.83us,1.00ns,3.83us,350.00ns,3.67us,57.17us
dictionary/search/english-10,count-spans,0.1.0 (rev b2eef23d05),rust/regex/pikevm,0.4.14,,61436,828,4.67s,3.62ms,4.00us,3.63ms,16.92us,3.61ms,3.94ms
dictionary/search/english-10,count-spans,0.1.0 (rev b2eef23d05),rust/regex/pikevm/accEmptyStates,0.4.14,,61436,825,4.68s,3.64ms,4.92us,3.64ms,23.87us,3.62ms,3.99ms
dictionary/search/english-10,count-spans,0.1.0 (rev b2eef23d05),rust/regex/pikevm/accOneAhead,0.4.14,,61436,812,4.71s,3.69ms,4.48us,3.70ms,20.57us,3.68ms,4.02ms
dictionary/search/english-15,count-spans,0.1.0 (rev b2eef23d05),rust/regex/pikevm,0.4.14,,61436,1038,4.57s,2.89ms,3.23us,2.89ms,18.25us,2.88ms,3.22ms
dictionary/search/english-15,count-spans,0.1.0 (rev b2eef23d05),rust/regex/pikevm/accEmptyStates,0.4.14,,61436,1038,4.54s,2.89ms,3.73us,2.89ms,15.13us,2.88ms,3.18ms
dictionary/search/english-15,count-spans,0.1.0 (rev b2eef23d05),rust/regex/pikevm/accOneAhead,0.4.14,,61436,1015,4.55s,2.95ms,6.12us,2.96ms,16.82us,2.94ms,3.19ms
folly/awyer-inn-busted,count,0.1.0 (rev b2eef23d05),rust/regex/pikevm,0.4.14,,80007,2372,4.54s,1.23ms,5.00us,1.27ms,62.49us,1.22ms,1.50ms
folly/awyer-inn-busted,count,0.1.0 (rev b2eef23d05),rust/regex/pikevm/accEmptyStates,0.4.14,,80007,2335,4.51s,1.24ms,19.00us,1.28ms,71.76us,1.22ms,1.59ms
folly/awyer-inn-busted,count,0.1.0 (rev b2eef23d05),rust/regex/pikevm/accOneAhead,0.4.14,,80007,2193,4.54s,1.35ms,23.00us,1.37ms,51.99us,1.32ms,1.72ms
folly/literal-never-match-rare,count,0.1.0 (rev b2eef23d05),rust/regex/pikevm,0.4.14,,7384531,12153,4.53s,246.04us,375.00ns,246.81us,2.72us,244.67us,297.46us
folly/literal-never-match-rare,count,0.1.0 (rev b2eef23d05),rust/regex/pikevm/accEmptyStates,0.4.14,,7384531,12179,4.54s,243.42us,2.75us,246.28us,8.16us,240.21us,318.21us
folly/literal-never-match-rare,count,0.1.0 (rev b2eef23d05),rust/regex/pikevm/accOneAhead,0.4.14,,7384531,1000000,708.49ms,42.00ns,0.00ns,38.00ns,12.00ns,1.00ns,1.46us
folly/literal-never-match-frequent,count,0.1.0 (rev b2eef23d05),rust/regex/pikevm,0.4.14,,7384531,12079,4.55s,247.50us,334.00ns,248.32us,3.39us,245.08us,302.29us
folly/literal-never-match-frequent,count,0.1.0 (rev b2eef23d05),rust/regex/pikevm/accEmptyStates,0.4.14,,7384531,12075,4.51s,247.63us,416.00ns,248.41us,2.86us,246.21us,301.33us
folly/literal-never-match-frequent,count,0.1.0 (rev b2eef23d05),rust/regex/pikevm/accOneAhead,0.4.14,,7384531,1000000,696.14ms,42.00ns,0.00ns,38.00ns,27.00ns,1.00ns,14.71us
folly/literal-never-match-tricksy,count,0.1.0 (rev b2eef23d05),rust/regex/pikevm,0.4.14,,120012,115748,4.62s,25.79us,41.00ns,25.85us,0.97us,25.67us,87.75us
folly/literal-never-match-tricksy,count,0.1.0 (rev b2eef23d05),rust/regex/pikevm/accEmptyStates,0.4.14,,120012,115759,4.62s,25.79us,41.00ns,25.85us,889.00ns,25.67us,86.88us
folly/literal-never-match-tricksy,count,0.1.0 (rev b2eef23d05),rust/regex/pikevm/accOneAhead,0.4.14,,120012,116210,4.63s,25.67us,41.00ns,25.74us,841.00ns,25.54us,72.92us
grep/every-line,grep,0.1.0 (rev b2eef23d05),rust/regex/pikevm,0.4.14,,7384531,390,4.55s,7.69ms,11.52us,7.69ms,38.87us,7.63ms,8.07ms
grep/every-line,grep,0.1.0 (rev b2eef23d05),rust/regex/pikevm/accEmptyStates,0.4.14,,7384531,381,4.55s,7.82ms,33.00us,7.89ms,135.72us,7.73ms,8.42ms
grep/every-line,grep,0.1.0 (rev b2eef23d05),rust/regex/pikevm/accOneAhead,0.4.14,,7384531,379,4.55s,7.90ms,92.12us,7.93ms,165.64us,7.68ms,8.46ms
grep/long-words-ascii,grep,0.1.0 (rev b2eef23d05),rust/regex/pikevm,0.4.14,,7384531,22,4.67s,136.62ms,310.75us,136.75ms,582.74us,135.86ms,138.07ms
grep/long-words-ascii,grep,0.1.0 (rev b2eef23d05),rust/regex/pikevm/accEmptyStates,0.4.14,,7384531,23,4.59s,131.83ms,223.04us,131.94ms,536.69us,131.44ms,134.11ms
grep/long-words-ascii,grep,0.1.0 (rev b2eef23d05),rust/regex/pikevm/accOneAhead,0.4.14,,7384531,23,4.72s,136.12ms,1.00ms,134.60ms,2.54ms,131.10ms,137.53ms
grep/long-words-unicode,grep,0.1.0 (rev b2eef23d05),rust/regex/pikevm,0.4.14,,7384531,17,4.88s,186.58ms,146.58us,186.65ms,316.95us,186.21ms,187.52ms
grep/long-words-unicode,grep,0.1.0 (rev b2eef23d05),rust/regex/pikevm/accEmptyStates,0.4.14,,7384531,17,4.71s,187.31ms,252.58us,187.34ms,276.40us,186.86ms,187.85ms
grep/long-words-unicode,grep,0.1.0 (rev b2eef23d05),rust/regex/pikevm/accOneAhead,0.4.14,,7384531,17,4.89s,185.23ms,180.33us,185.21ms,237.96us,184.85ms,185.60ms
hyperscan/literal-english-nosom,count,0.1.0 (rev b2eef23d05),rust/regex/pikevm,0.4.14,,613357,144063,4.60s,20.71us,42.00ns,20.75us,777.00ns,20.54us,82.96us
hyperscan/literal-english-nosom,count,0.1.0 (rev b2eef23d05),rust/regex/pikevm/accEmptyStates,0.4.14,,613357,144212,4.64s,20.67us,42.00ns,20.73us,806.00ns,20.50us,66.75us
hyperscan/literal-english-nosom,count,0.1.0 (rev b2eef23d05),rust/regex/pikevm/accOneAhead,0.4.14,,613357,144938,4.64s,20.54us,41.00ns,20.63us,1.11us,20.38us,68.46us
hyperscan/literal-english-som,count-spans,0.1.0 (rev b2eef23d05),rust/regex/pikevm,0.4.14,,613357,142675,4.64s,20.71us,83.00ns,20.96us,1.37us,20.50us,74.79us
hyperscan/literal-english-som,count-spans,0.1.0 (rev b2eef23d05),rust/regex/pikevm/accEmptyStates,0.4.14,,613357,142774,4.63s,20.71us,83.00ns,20.94us,1.31us,20.50us,71.75us
hyperscan/literal-english-som,count-spans,0.1.0 (rev b2eef23d05),rust/regex/pikevm/accOneAhead,0.4.14,,613357,145078,4.59s,20.54us,41.00ns,20.61us,828.00ns,20.38us,87.96us
hyperscan/literal-casei-english-nosom,count,0.1.0 (rev b2eef23d05),rust/regex/pikevm,0.4.14,,613357,44089,4.54s,67.67us,1.00ns,67.98us,2.04us,67.54us,127.75us
hyperscan/literal-casei-english-nosom,count,0.1.0 (rev b2eef23d05),rust/regex/pikevm/accEmptyStates,0.4.14,,613357,44112,4.55s,67.67us,41.00ns,67.95us,1.84us,67.54us,132.67us
hyperscan/literal-casei-english-nosom,count,0.1.0 (rev b2eef23d05),rust/regex/pikevm/accOneAhead,0.4.14,,613357,44241,4.59s,67.54us,41.00ns,67.75us,1.43us,67.42us,121.17us
hyperscan/literal-casei-english-som,count-spans,0.1.0 (rev b2eef23d05),rust/regex/pikevm,0.4.14,,613357,44094,4.59s,67.67us,41.00ns,67.97us,1.95us,67.54us,123.63us
hyperscan/literal-casei-english-som,count-spans,0.1.0 (rev b2eef23d05),rust/regex/pikevm/accEmptyStates,0.4.14,,613357,44103,4.58s,67.71us,41.00ns,67.96us,1.82us,67.54us,117.38us
hyperscan/literal-casei-english-som,count-spans,0.1.0 (rev b2eef23d05),rust/regex/pikevm/accOneAhead,0.4.14,,613357,44174,4.56s,67.54us,41.00ns,67.85us,2.01us,67.42us,121.71us
hyperscan/literal-russian-nosom,count,0.1.0 (rev b2eef23d05),rust/regex/pikevm,0.4.14,,613423,142158,4.61s,20.96us,41.00ns,21.04us,0.95us,20.79us,79.54us
hyperscan/literal-russian-nosom,count,0.1.0 (rev b2eef23d05),rust/regex/pikevm/accEmptyStates,0.4.14,,613423,140621,4.60s,20.96us,84.00ns,21.27us,1.32us,20.75us,88.29us
hyperscan/literal-russian-nosom,count,0.1.0 (rev b2eef23d05),rust/regex/pikevm/accOneAhead,0.4.14,,613423,144459,4.62s,20.62us,41.00ns,20.70us,820.00ns,20.46us,69.54us
hyperscan/literal-russian-som,count-spans,0.1.0 (rev b2eef23d05),rust/regex/pikevm,0.4.14,,613423,142229,4.60s,20.96us,41.00ns,21.02us,1.15us,20.79us,67.96us
hyperscan/literal-russian-som,count-spans,0.1.0 (rev b2eef23d05),rust/regex/pikevm/accEmptyStates,0.4.14,,613423,142592,4.60s,20.92us,42.00ns,20.97us,887.00ns,20.75us,76.62us
hyperscan/literal-russian-som,count-spans,0.1.0 (rev b2eef23d05),rust/regex/pikevm/accOneAhead,0.4.14,,613423,144513,4.63s,20.62us,42.00ns,20.69us,843.00ns,20.46us,89.21us
hyperscan/literal-casei-russian-nosom,count,0.1.0 (rev b2eef23d05),rust/regex/pikevm,0.4.14,,613423,23012,4.55s,129.92us,42.00ns,130.31us,2.23us,129.71us,185.29us
hyperscan/literal-casei-russian-nosom,count,0.1.0 (rev b2eef23d05),rust/regex/pikevm/accEmptyStates,0.4.14,,613423,22930,4.53s,130.29us,83.00ns,130.78us,2.44us,130.04us,186.38us
hyperscan/literal-casei-russian-nosom,count,0.1.0 (rev b2eef23d05),rust/regex/pikevm/accOneAhead,0.4.14,,613423,27292,4.56s,109.58us,83.00ns,109.87us,2.10us,108.83us,167.96us
hyperscan/literal-casei-russian-som,count-spans,0.1.0 (rev b2eef23d05),rust/regex/pikevm,0.4.14,,613423,22985,4.54s,130.00us,125.00ns,130.46us,2.41us,129.71us,185.33us
hyperscan/literal-casei-russian-som,count-spans,0.1.0 (rev b2eef23d05),rust/regex/pikevm/accEmptyStates,0.4.14,,613423,22953,4.52s,130.17us,84.00ns,130.65us,2.55us,129.92us,190.46us
hyperscan/literal-casei-russian-som,count-spans,0.1.0 (rev b2eef23d05),rust/regex/pikevm/accOneAhead,0.4.14,,613423,27397,4.55s,109.29us,375.00ns,109.45us,1.98us,108.58us,170.58us
hyperscan/literal-suffix-nosom,count,0.1.0 (rev b2eef23d05),rust/regex/pikevm,0.4.14,,594933,175,4.55s,17.11ms,97.04us,17.15ms,144.78us,16.95ms,17.72ms
hyperscan/literal-suffix-nosom,count,0.1.0 (rev b2eef23d05),rust/regex/pikevm/accEmptyStates,0.4.14,,594933,178,4.55s,16.85ms,12.50us,16.86ms,61.67us,16.82ms,17.26ms
hyperscan/literal-suffix-nosom,count,0.1.0 (rev b2eef23d05),rust/regex/pikevm/accOneAhead,0.4.14,,594933,173,4.56s,17.32ms,31.88us,17.37ms,115.13us,17.28ms,17.87ms
hyperscan/literal-suffix-som,count-spans,0.1.0 (rev b2eef23d05),rust/regex/pikevm,0.4.14,,594933,174,4.57s,17.32ms,151.23us,17.32ms,224.81us,16.92ms,17.93ms
hyperscan/literal-suffix-som,count-spans,0.1.0 (rev b2eef23d05),rust/regex/pikevm/accEmptyStates,0.4.14,,594933,179,4.54s,16.80ms,14.12us,16.82ms,54.98us,16.77ms,17.22ms
hyperscan/literal-suffix-som,count-spans,0.1.0 (rev b2eef23d05),rust/regex/pikevm/accOneAhead,0.4.14,,594933,173,4.56s,17.33ms,11.33us,17.34ms,63.47us,17.30ms,17.77ms
hyperscan/literal-inner-nosom,count,0.1.0 (rev b2eef23d05),rust/regex/pikevm,0.4.14,,594933,160,4.57s,18.74ms,28.98us,18.84ms,206.86us,18.70ms,19.70ms
hyperscan/literal-inner-nosom,count,0.1.0 (rev b2eef23d05),rust/regex/pikevm/accEmptyStates,0.4.14,,594933,161,4.55s,18.65ms,13.21us,18.68ms,84.06us,18.55ms,19.18ms
hyperscan/literal-inner-nosom,count,0.1.0 (rev b2eef23d05),rust/regex/pikevm/accOneAhead,0.4.14,,594933,159,4.56s,18.93ms,57.83us,18.93ms,102.89us,18.82ms,19.54ms
hyperscan/literal-inner-som,count-spans,0.1.0 (rev b2eef23d05),rust/regex/pikevm,0.4.14,,594933,159,4.53s,18.81ms,92.00us,18.90ms,219.95us,18.70ms,19.65ms
hyperscan/literal-inner-som,count-spans,0.1.0 (rev b2eef23d05),rust/regex/pikevm/accEmptyStates,0.4.14,,594933,161,4.59s,18.66ms,22.50us,18.74ms,193.69us,18.56ms,19.48ms
hyperscan/literal-inner-som,count-spans,0.1.0 (rev b2eef23d05),rust/regex/pikevm/accOneAhead,0.4.14,,594933,157,4.52s,19.11ms,135.04us,19.13ms,184.86us,18.90ms,19.69ms
hyperscan/fixed-length-words-nosom,count,0.1.0 (rev b2eef23d05),rust/regex/pikevm,0.4.14,,594933,137,4.53s,21.89ms,14.37us,21.90ms,62.70us,21.86ms,22.36ms
hyperscan/fixed-length-words-nosom,count,0.1.0 (rev b2eef23d05),rust/regex/pikevm/accEmptyStates,0.4.14,,594933,137,4.57s,21.93ms,46.42us,22.02ms,174.65us,21.87ms,22.64ms
hyperscan/fixed-length-words-nosom,count,0.1.0 (rev b2eef23d05),rust/regex/pikevm/accOneAhead,0.4.14,,594933,134,4.59s,22.53ms,16.79us,22.55ms,57.05us,22.50ms,22.92ms
hyperscan/fixed-length-words-som,count-spans,0.1.0 (rev b2eef23d05),rust/regex/pikevm,0.4.14,,594933,136,4.52s,22.09ms,154.48us,22.14ms,229.61us,21.88ms,22.72ms
hyperscan/fixed-length-words-som,count-spans,0.1.0 (rev b2eef23d05),rust/regex/pikevm/accEmptyStates,0.4.14,,594933,137,4.55s,21.91ms,19.54us,21.92ms,58.07us,21.87ms,22.36ms
hyperscan/fixed-length-words-som,count-spans,0.1.0 (rev b2eef23d05),rust/regex/pikevm/accOneAhead,0.4.14,,594933,134,4.55s,22.51ms,18.23us,22.53ms,73.55us,22.48ms,22.99ms
hyperscan/fixed-length-words-unicode-nosom,count,0.1.0 (rev b2eef23d05),rust/regex/pikevm,0.4.14,,594933,137,4.57s,21.90ms,17.92us,21.91ms,65.33us,21.86ms,22.27ms
hyperscan/fixed-length-words-unicode-nosom,count,0.1.0 (rev b2eef23d05),rust/regex/pikevm/accEmptyStates,0.4.14,,594933,137,4.57s,21.91ms,48.58us,22.02ms,212.78us,21.85ms,22.86ms
hyperscan/fixed-length-words-unicode-nosom,count,0.1.0 (rev b2eef23d05),rust/regex/pikevm/accOneAhead,0.4.14,,594933,134,4.60s,22.51ms,16.12us,22.52ms,55.44us,22.48ms,22.89ms
imported/leipzig/twain,count,0.1.0 (rev b2eef23d05),rust/regex/pikevm,0.4.14,,16013977,4395,4.56s,683.08us,1.38us,682.67us,5.03us,665.83us,776.46us
imported/leipzig/twain,count,0.1.0 (rev b2eef23d05),rust/regex/pikevm/accEmptyStates,0.4.14,,16013977,4390,4.55s,683.33us,1.17us,683.43us,5.09us,667.50us,774.08us
imported/leipzig/twain,count,0.1.0 (rev b2eef23d05),rust/regex/pikevm/accOneAhead,0.4.14,,16013977,4612,4.56s,643.62us,2.33us,650.45us,17.79us,627.92us,748.17us
imported/leipzig/twain-insensitive,count,0.1.0 (rev b2eef23d05),rust/regex/pikevm,0.4.14,,16013977,1534,4.55s,1.95ms,2.08us,1.96ms,12.18us,1.93ms,2.14ms
imported/leipzig/twain-insensitive,count,0.1.0 (rev b2eef23d05),rust/regex/pikevm/accEmptyStates,0.4.14,,16013977,1524,4.54s,1.97ms,2.08us,1.97ms,12.59us,1.95ms,2.14ms
imported/leipzig/twain-insensitive,count,0.1.0 (rev b2eef23d05),rust/regex/pikevm/accOneAhead,0.4.14,,16013977,1561,4.53s,1.92ms,2.33us,1.92ms,12.47us,1.90ms,2.12ms
imported/leipzig/shing,count,0.1.0 (rev b2eef23d05),rust/regex/pikevm,0.4.14,,16013977,9,4.85s,342.11ms,1.75ms,342.63ms,1.43ms,340.36ms,344.33ms
imported/leipzig/shing,count,0.1.0 (rev b2eef23d05),rust/regex/pikevm/accEmptyStates,0.4.14,,16013977,9,4.75s,341.15ms,693.33us,339.66ms,4.23ms,330.44ms,343.76ms
imported/leipzig/shing,count,0.1.0 (rev b2eef23d05),rust/regex/pikevm/accOneAhead,0.4.14,,16013977,9,5.02s,350.65ms,569.42us,354.07ms,4.29ms,350.08ms,360.83ms
imported/leipzig/huck-saw,count,0.1.0 (rev b2eef23d05),rust/regex/pikevm,0.4.14,,16013977,1946,4.54s,1.54ms,2.04us,1.54ms,10.80us,1.52ms,1.73ms
imported/leipzig/huck-saw,count,0.1.0 (rev b2eef23d05),rust/regex/pikevm/accEmptyStates,0.4.14,,16013977,1938,4.54s,1.55ms,2.17us,1.55ms,11.58us,1.52ms,1.69ms
imported/leipzig/huck-saw,count,0.1.0 (rev b2eef23d05),rust/regex/pikevm/accOneAhead,0.4.14,,16013977,2005,4.54s,1.50ms,2.33us,1.50ms,10.62us,1.47ms,1.64ms
imported/leipzig/word-ending-nn,count,0.1.0 (rev b2eef23d05),rust/regex/pikevm,0.4.14,,16013977,7,5.20s,474.91ms,1.74ms,469.76ms,6.72ms,460.22ms,476.65ms
imported/leipzig/word-ending-nn,count,0.1.0 (rev b2eef23d05),rust/regex/pikevm/accEmptyStates,0.4.14,,16013977,7,5.11s,455.51ms,276.00us,458.20ms,4.92ms,455.16ms,468.99ms
imported/leipzig/word-ending-nn,count,0.1.0 (rev b2eef23d05),rust/regex/pikevm/accOneAhead,0.4.14,,16013977,7,5.22s,464.42ms,202.29us,464.27ms,400.18us,463.58ms,464.77ms
imported/leipzig/certain-long-strings-ending-x,count,0.1.0 (rev b2eef23d05),rust/regex/pikevm,0.4.14,,16013977,3,5.19s,1.02s,144.92us,1.03s,3.44ms,1.02s,1.03s
imported/leipzig/certain-long-strings-ending-x,count,0.1.0 (rev b2eef23d05),rust/regex/pikevm/accEmptyStates,0.4.14,,16013977,3,5.22s,1.03s,1.01ms,1.03s,1.07ms,1.03s,1.03s
imported/leipzig/certain-long-strings-ending-x,count,0.1.0 (rev b2eef23d05),rust/regex/pikevm/accOneAhead,0.4.14,,16013977,3,5.28s,1.04s,352.38us,1.04s,394.13us,1.04s,1.04s
imported/leipzig/tom-sawyer-huckle-finn,count,0.1.0 (rev b2eef23d05),rust/regex/pikevm,0.4.14,,16013977,1689,4.56s,1.78ms,2.08us,1.78ms,11.33us,1.75ms,1.91ms
imported/leipzig/tom-sawyer-huckle-finn,count,0.1.0 (rev b2eef23d05),rust/regex/pikevm/accEmptyStates,0.4.14,,16013977,1693,4.55s,1.77ms,2.42us,1.77ms,12.28us,1.75ms,1.91ms
imported/leipzig/tom-sawyer-huckle-finn,count,0.1.0 (rev b2eef23d05),rust/regex/pikevm/accOneAhead,0.4.14,,16013977,1794,4.52s,1.67ms,2.12us,1.67ms,10.30us,1.65ms,1.84ms
imported/leipzig/tom-sawyer-huckle-fin-insensitive,count,0.1.0 (rev b2eef23d05),rust/regex/pikevm,0.4.14,,16013977,96,4.57s,31.38ms,101.83us,31.42ms,169.01us,31.17ms,31.99ms
imported/leipzig/tom-sawyer-huckle-fin-insensitive,count,0.1.0 (rev b2eef23d05),rust/regex/pikevm/accEmptyStates,0.4.14,,16013977,96,4.53s,31.33ms,64.35us,31.36ms,156.69us,31.18ms,32.46ms
imported/leipzig/tom-sawyer-huckle-fin-insensitive,count,0.1.0 (rev b2eef23d05),rust/regex/pikevm/accOneAhead,0.4.14,,16013977,97,4.56s,30.90ms,87.88us,30.93ms,136.83us,30.71ms,31.39ms
imported/leipzig/tom-sawyer-huckle-fin-prefix-short,count,0.1.0 (rev b2eef23d05),rust/regex/pikevm,0.4.14,,16013977,5,5.75s,715.14ms,298.79us,715.25ms,432.90us,714.59ms,715.92ms
imported/leipzig/tom-sawyer-huckle-fin-prefix-short,count,0.1.0 (rev b2eef23d05),rust/regex/pikevm/accEmptyStates,0.4.14,,16013977,5,5.73s,709.88ms,1.26ms,712.33ms,3.76ms,708.62ms,718.38ms
imported/leipzig/tom-sawyer-huckle-fin-prefix-short,count,0.1.0 (rev b2eef23d05),rust/regex/pikevm/accOneAhead,0.4.14,,16013977,5,5.98s,740.22ms,542.38us,740.26ms,581.87us,739.54ms,741.05ms
imported/leipzig/tom-sawyer-huckle-fin-prefix-long,count,0.1.0 (rev b2eef23d05),rust/regex/pikevm,0.4.14,,16013977,4,5.48s,907.67ms,1.81ms,903.14ms,9.35ms,887.11ms,910.11ms
imported/leipzig/tom-sawyer-huckle-fin-prefix-long,count,0.1.0 (rev b2eef23d05),rust/regex/pikevm/accEmptyStates,0.4.14,,16013977,4,5.37s,887.29ms,1.44ms,887.54ms,2.07ms,884.91ms,890.65ms
imported/leipzig/tom-sawyer-huckle-fin-prefix-long,count,0.1.0 (rev b2eef23d05),rust/regex/pikevm/accOneAhead,0.4.14,,16013977,4,5.42s,896.09ms,558.21us,898.22ms,4.20ms,895.22ms,905.46ms
imported/leipzig/tom-river,count,0.1.0 (rev b2eef23d05),rust/regex/pikevm,0.4.14,,16013977,8,4.59s,383.48ms,0.96ms,382.44ms,3.65ms,373.09ms,385.33ms
imported/leipzig/tom-river,count,0.1.0 (rev b2eef23d05),rust/regex/pikevm/accEmptyStates,0.4.14,,16013977,9,4.90s,368.84ms,250.00us,369.98ms,2.91ms,368.53ms,378.07ms
imported/leipzig/tom-river,count,0.1.0 (rev b2eef23d05),rust/regex/pikevm/accOneAhead,0.4.14,,16013977,8,5.07s,419.90ms,141.81us,420.22ms,1.02ms,418.99ms,422.63ms
imported/leipzig/ing,count,0.1.0 (rev b2eef23d05),rust/regex/pikevm,0.4.14,,16013977,8,4.89s,399.48ms,165.96us,399.45ms,262.43us,399.08ms,399.97ms
imported/leipzig/ing,count,0.1.0 (rev b2eef23d05),rust/regex/pikevm/accEmptyStates,0.4.14,,16013977,8,4.86s,398.40ms,252.19us,398.40ms,420.07us,397.60ms,398.96ms
imported/leipzig/ing,count,0.1.0 (rev b2eef23d05),rust/regex/pikevm/accOneAhead,0.4.14,,16013977,8,5.06s,409.98ms,292.46us,414.72ms,6.37ms,409.54ms,424.13ms
imported/leipzig/ing-whitespace,count,0.1.0 (rev b2eef23d05),rust/regex/pikevm,0.4.14,,16013977,6,4.80s,534.51ms,3.54ms,531.48ms,7.05ms,521.35ms,538.44ms
imported/leipzig/ing-whitespace,count,0.1.0 (rev b2eef23d05),rust/regex/pikevm/accEmptyStates,0.4.14,,16013977,6,4.82s,537.46ms,1.09ms,533.04ms,7.14ms,521.10ms,539.33ms
imported/leipzig/ing-whitespace,count,0.1.0 (rev b2eef23d05),rust/regex/pikevm/accOneAhead,0.4.14,,16013977,6,4.86s,535.50ms,318.12us,537.59ms,4.16ms,535.09ms,546.74ms
imported/leipzig/awyer-inn,count,0.1.0 (rev b2eef23d05),rust/regex/pikevm,0.4.14,,16013977,7,4.94s,443.81ms,327.83us,444.19ms,621.07us,443.48ms,445.09ms
imported/leipzig/awyer-inn,count,0.1.0 (rev b2eef23d05),rust/regex/pikevm/accEmptyStates,0.4.14,,16013977,7,4.96s,443.90ms,1.16ms,446.51ms,4.32ms,442.74ms,454.90ms
imported/leipzig/awyer-inn,count,0.1.0 (rev b2eef23d05),rust/regex/pikevm/accOneAhead,0.4.14,,16013977,7,5.06s,458.31ms,591.88us,458.26ms,718.16us,457.09ms,459.26ms
imported/leipzig/quotes-bounded,count,0.1.0 (rev b2eef23d05),rust/regex/pikevm,0.4.14,,16013977,10,4.80s,303.18ms,2.73ms,300.16ms,6.45ms,288.84ms,306.33ms
imported/leipzig/quotes-bounded,count,0.1.0 (rev b2eef23d05),rust/regex/pikevm/accEmptyStates,0.4.14,,16013977,11,5.02s,289.97ms,279.62us,290.57ms,2.00ms,289.38ms,296.81ms
imported/leipzig/quotes-bounded,count,0.1.0 (rev b2eef23d05),rust/regex/pikevm/accOneAhead,0.4.14,,16013977,10,4.68s,306.99ms,1.15ms,308.81ms,3.85ms,305.79ms,316.52ms
imported/leipzig/non-ascii-alternate,count,0.1.0 (rev b2eef23d05),rust/regex/pikevm,0.4.14,,16013977,2161,4.54s,1.39ms,2.21us,1.39ms,9.08us,1.37ms,1.53ms
imported/leipzig/non-ascii-alternate,count,0.1.0 (rev b2eef23d05),rust/regex/pikevm/accEmptyStates,0.4.14,,16013977,2158,4.57s,1.39ms,2.29us,1.39ms,19.01us,1.37ms,1.54ms
imported/leipzig/non-ascii-alternate,count,0.1.0 (rev b2eef23d05),rust/regex/pikevm/accOneAhead,0.4.14,,16013977,2165,4.52s,1.38ms,2.17us,1.39ms,11.21us,1.37ms,1.53ms
imported/leipzig/math-symbols,count,0.1.0 (rev b2eef23d05),rust/regex/pikevm,0.4.14,,16013977,12,4.68s,255.62ms,468.50us,260.49ms,7.36ms,255.04ms,273.91ms
imported/leipzig/math-symbols,count,0.1.0 (rev b2eef23d05),rust/regex/pikevm/accEmptyStates,0.4.14,,16013977,12,4.68s,253.67ms,76.21us,253.73ms,291.13us,253.19ms,254.33ms
imported/leipzig/math-symbols,count,0.1.0 (rev b2eef23d05),rust/regex/pikevm/accOneAhead,0.4.14,,16013977,11,4.71s,271.72ms,933.79us,276.32ms,6.05ms,270.79ms,285.11ms
imported/leipzig/bounded-strings-ending-z,count-spans,0.1.0 (rev b2eef23d05),rust/regex/pikevm,0.4.14,,16013977,6,4.98s,537.76ms,384.15us,539.77ms,3.44ms,537.36ms,546.69ms
imported/leipzig/bounded-strings-ending-z,count-spans,0.1.0 (rev b2eef23d05),rust/regex/pikevm/accEmptyStates,0.4.14,,16013977,6,4.96s,561.00ms,1.10ms,555.05ms,12.32ms,527.88ms,562.52ms
imported/leipzig/bounded-strings-ending-z,count-spans,0.1.0 (rev b2eef23d05),rust/regex/pikevm/accOneAhead,0.4.14,,16013977,6,5.06s,551.07ms,199.79us,554.66ms,8.32ms,550.39ms,573.26ms
imported/lh3lh3-reb/uri,grep,0.1.0 (rev b2eef23d05),rust/regex/pikevm,0.4.14,,39887114,3,6.10s,1.19s,750.46us,1.20s,9.14ms,1.19s,1.21s
imported/lh3lh3-reb/uri,grep,0.1.0 (rev b2eef23d05),rust/regex/pikevm/accEmptyStates,0.4.14,,39887114,3,6.16s,1.23s,1.97ms,1.24s,5.48ms,1.23s,1.24s
imported/lh3lh3-reb/uri,grep,0.1.0 (rev b2eef23d05),rust/regex/pikevm/accOneAhead,0.4.14,,39887114,3,5.94s,1.17s,12.17ms,1.17s,18.40ms,1.16s,1.20s
imported/lh3lh3-reb/email,grep,0.1.0 (rev b2eef23d05),rust/regex/pikevm,0.4.14,,39887114,3,5.54s,1.09s,2.37ms,1.09s,2.07ms,1.09s,1.09s
imported/lh3lh3-reb/email,grep,0.1.0 (rev b2eef23d05),rust/regex/pikevm/accEmptyStates,0.4.14,,39887114,3,5.46s,1.10s,24.01ms,1.10s,20.81ms,1.07s,1.12s
imported/lh3lh3-reb/email,grep,0.1.0 (rev b2eef23d05),rust/regex/pikevm/accOneAhead,0.4.14,,39887114,3,5.53s,1.10s,2.62ms,1.10s,6.51ms,1.10s,1.11s
imported/lh3lh3-reb/date,grep,0.1.0 (rev b2eef23d05),rust/regex/pikevm,0.4.14,,39887114,39,4.65s,77.30ms,129.50us,77.45ms,320.69us,77.10ms,78.19ms
imported/lh3lh3-reb/date,grep,0.1.0 (rev b2eef23d05),rust/regex/pikevm/accEmptyStates,0.4.14,,39887114,39,4.65s,77.54ms,85.08us,77.65ms,420.76us,77.29ms,79.36ms
imported/lh3lh3-reb/date,grep,0.1.0 (rev b2eef23d05),rust/regex/pikevm/accOneAhead,0.4.14,,39887114,40,4.63s,75.73ms,51.65us,75.75ms,113.11us,75.58ms,76.09ms
imported/lh3lh3-reb/uri-or-email,grep,0.1.0 (rev b2eef23d05),rust/regex/pikevm,0.4.14,,39887114,2,6.43s,2.14s,20.23ms,2.14s,20.23ms,2.12s,2.16s
imported/lh3lh3-reb/uri-or-email,grep,0.1.0 (rev b2eef23d05),rust/regex/pikevm/accEmptyStates,0.4.14,,39887114,2,6.26s,2.08s,18.46ms,2.08s,18.46ms,2.06s,2.10s
imported/lh3lh3-reb/uri-or-email,grep,0.1.0 (rev b2eef23d05),rust/regex/pikevm/accOneAhead,0.4.14,,39887114,2,6.20s,2.03s,417.48us,2.03s,417.48us,2.03s,2.04s
imported/mariomka/email,count,0.1.0 (rev b2eef23d05),rust/regex/pikevm,0.4.14,,6839410,19,4.70s,158.83ms,782.54us,161.54ms,3.47ms,158.05ms,165.97ms
imported/mariomka/email,count,0.1.0 (rev b2eef23d05),rust/regex/pikevm/accEmptyStates,0.4.14,,6839410,19,4.78s,164.68ms,322.54us,164.52ms,1.30ms,159.58ms,166.00ms
imported/mariomka/email,count,0.1.0 (rev b2eef23d05),rust/regex/pikevm/accOneAhead,0.4.14,,6839410,19,4.82s,166.98ms,2.98ms,166.47ms,2.62ms,163.58ms,170.54ms
imported/mariomka/uri,count,0.1.0 (rev b2eef23d05),rust/regex/pikevm,0.4.14,,6839410,19,4.72s,158.63ms,338.33us,159.88ms,3.32ms,158.13ms,169.32ms
imported/mariomka/uri,count,0.1.0 (rev b2eef23d05),rust/regex/pikevm/accEmptyStates,0.4.14,,6839410,19,4.77s,161.83ms,3.66ms,161.74ms,3.45ms,157.25ms,165.93ms
imported/mariomka/uri,count,0.1.0 (rev b2eef23d05),rust/regex/pikevm/accOneAhead,0.4.14,,6839410,19,4.79s,164.09ms,160.92us,164.32ms,840.34us,163.68ms,166.94ms
imported/mariomka/ip,count,0.1.0 (rev b2eef23d05),rust/regex/pikevm,0.4.14,,6839410,263,4.57s,11.39ms,52.88us,11.45ms,146.17us,11.27ms,12.06ms
imported/mariomka/ip,count,0.1.0 (rev b2eef23d05),rust/regex/pikevm/accEmptyStates,0.4.14,,6839410,261,4.55s,11.51ms,114.46us,11.53ms,185.55us,11.23ms,12.10ms
imported/mariomka/ip,count,0.1.0 (rev b2eef23d05),rust/regex/pikevm/accOneAhead,0.4.14,,6839410,320,4.55s,9.38ms,18.96us,9.39ms,45.80us,9.34ms,9.81ms
imported/regex-redux/regex-redux,regex-redux,0.1.0 (rev b2eef23d05),rust/regex/pikevm,0.4.14,,,7,4.96s,443.84ms,865.38us,447.12ms,4.68ms,442.97ms,454.37ms
imported/regex-redux/regex-redux,regex-redux,0.1.0 (rev b2eef23d05),rust/regex/pikevm/accEmptyStates,0.4.14,,,7,5.00s,450.13ms,3.01ms,450.09ms,3.56ms,445.31ms,456.20ms
imported/regex-redux/regex-redux,regex-redux,0.1.0 (rev b2eef23d05),rust/regex/pikevm/accOneAhead,0.4.14,,,7,4.93s,443.98ms,854.88us,444.65ms,2.28ms,442.47ms,449.94ms
imported/rsc/no-exponential,count-spans,0.1.0 (rev b2eef23d05),rust/regex/pikevm,0.4.14,,25,1000000,2.46s,875.00ns,0.00ns,908.00ns,228.00ns,791.00ns,35.96us
imported/rsc/no-exponential,count-spans,0.1.0 (rev b2eef23d05),rust/regex/pikevm/accEmptyStates,0.4.14,,25,1000000,2.44s,875.00ns,0.00ns,895.00ns,210.00ns,750.00ns,32.83us
imported/rsc/no-exponential,count-spans,0.1.0 (rev b2eef23d05),rust/regex/pikevm/accOneAhead,0.4.14,,25,1000000,2.55s,917.00ns,1.00ns,933.00ns,196.00ns,791.00ns,35.25us
imported/rsc/literal,count-spans,0.1.0 (rev b2eef23d05),rust/regex/pikevm,0.4.14,,51,1000000,859.89ms,84.00ns,1.00ns,94.00ns,52.00ns,1.00ns,27.17us
imported/rsc/literal,count-spans,0.1.0 (rev b2eef23d05),rust/regex/pikevm/accEmptyStates,0.4.14,,51,1000000,783.03ms,83.00ns,0.00ns,92.00ns,77.00ns,1.00ns,25.67us
imported/rsc/literal,count-spans,0.1.0 (rev b2eef23d05),rust/regex/pikevm/accOneAhead,0.4.14,,51,1000000,840.56ms,83.00ns,0.00ns,81.00ns,43.00ns,1.00ns,22.50us
imported/rsc/not-literal,count-spans,0.1.0 (rev b2eef23d05),rust/regex/pikevm,0.4.14,,51,1000000,2.93s,1.12us,42.00ns,1.14us,316.00ns,0.96us,36.12us
imported/rsc/not-literal,count-spans,0.1.0 (rev b2eef23d05),rust/regex/pikevm/accEmptyStates,0.4.14,,51,1000000,2.75s,1.08us,1.00ns,1.07us,147.00ns,0.96us,32.12us
imported/rsc/not-literal,count-spans,0.1.0 (rev b2eef23d05),rust/regex/pikevm/accOneAhead,0.4.14,,51,1000000,3.05s,1.21us,42.00ns,1.22us,269.00ns,1.04us,37.96us
imported/rsc/match-class,count-spans,0.1.0 (rev b2eef23d05),rust/regex/pikevm,0.4.14,,81,1000000,817.41ms,83.00ns,0.00ns,94.00ns,207.00ns,1.00ns,25.75us
imported/rsc/match-class,count-spans,0.1.0 (rev b2eef23d05),rust/regex/pikevm/accEmptyStates,0.4.14,,81,1000000,860.78ms,84.00ns,1.00ns,99.00ns,78.00ns,1.00ns,26.42us
imported/rsc/match-class,count-spans,0.1.0 (rev b2eef23d05),rust/regex/pikevm/accOneAhead,0.4.14,,81,1000000,794.05ms,83.00ns,0.00ns,91.00ns,56.00ns,1.00ns,26.71us
imported/rsc/match-class-in-range,count-spans,0.1.0 (rev b2eef23d05),rust/regex/pikevm,0.4.14,,81,1000000,893.18ms,84.00ns,1.00ns,97.00ns,78.00ns,1.00ns,25.58us
imported/rsc/match-class-in-range,count-spans,0.1.0 (rev b2eef23d05),rust/regex/pikevm/accEmptyStates,0.4.14,,81,1000000,798.14ms,83.00ns,0.00ns,93.00ns,27.00ns,1.00ns,10.62us
imported/rsc/match-class-in-range,count-spans,0.1.0 (rev b2eef23d05),rust/regex/pikevm/accOneAhead,0.4.14,,81,1000000,803.68ms,83.00ns,0.00ns,88.00ns,64.00ns,1.00ns,22.17us
imported/rsc/match-class-unicode,count-spans,0.1.0 (rev b2eef23d05),rust/regex/pikevm,0.4.14,,161,871727,5.07s,3.29us,42.00ns,3.38us,530.00ns,3.12us,64.58us
imported/rsc/match-class-unicode,count-spans,0.1.0 (rev b2eef23d05),rust/regex/pikevm/accEmptyStates,0.4.14,,161,893527,5.08s,3.25us,167.00ns,3.29us,592.00ns,3.00us,50.12us
imported/rsc/match-class-unicode,count-spans,0.1.0 (rev b2eef23d05),rust/regex/pikevm/accOneAhead,0.4.14,,161,894490,5.04s,3.29us,1.00ns,3.29us,329.00ns,3.17us,54.21us
imported/rsc/anchored-literal-short-non-match,count-spans,0.1.0 (rev b2eef23d05),rust/regex/pikevm,0.4.14,,26,1000000,717.75ms,42.00ns,0.00ns,52.00ns,38.00ns,1.00ns,20.58us
imported/rsc/anchored-literal-short-non-match,count-spans,0.1.0 (rev b2eef23d05),rust/regex/pikevm/accEmptyStates,0.4.14,,26,1000000,765.68ms,42.00ns,0.00ns,52.00ns,46.00ns,1.00ns,25.71us
imported/rsc/anchored-literal-short-non-match,count-spans,0.1.0 (rev b2eef23d05),rust/regex/pikevm/accOneAhead,0.4.14,,26,1000000,782.49ms,42.00ns,0.00ns,52.00ns,62.00ns,1.00ns,25.62us
imported/rsc/anchored-literal-long-non-match,count-spans,0.1.0 (rev b2eef23d05),rust/regex/pikevm,0.4.14,,390,1000000,702.63ms,42.00ns,0.00ns,52.00ns,47.00ns,1.00ns,25.96us
imported/rsc/anchored-literal-long-non-match,count-spans,0.1.0 (rev b2eef23d05),rust/regex/pikevm/accEmptyStates,0.4.14,,390,1000000,756.44ms,42.00ns,0.00ns,52.00ns,41.00ns,1.00ns,25.67us
imported/rsc/anchored-literal-long-non-match,count-spans,0.1.0 (rev b2eef23d05),rust/regex/pikevm/accOneAhead,0.4.14,,390,1000000,740.19ms,42.00ns,0.00ns,51.00ns,40.00ns,1.00ns,16.33us
imported/rsc/anchored-literal-short-match,count-spans,0.1.0 (rev b2eef23d05),rust/regex/pikevm,0.4.14,,26,1000000,906.72ms,125.00ns,0.00ns,136.00ns,103.00ns,41.00ns,23.67us
imported/rsc/anchored-literal-short-match,count-spans,0.1.0 (rev b2eef23d05),rust/regex/pikevm/accEmptyStates,0.4.14,,26,1000000,910.05ms,125.00ns,0.00ns,134.00ns,44.00ns,41.00ns,27.50us
imported/rsc/anchored-literal-short-match,count-spans,0.1.0 (rev b2eef23d05),rust/regex/pikevm/accOneAhead,0.4.14,,26,1000000,892.95ms,125.00ns,0.00ns,129.00ns,21.00ns,41.00ns,7.12us
imported/rsc/anchored-literal-long-match,count-spans,0.1.0 (rev b2eef23d05),rust/regex/pikevm,0.4.14,,390,1000000,914.57ms,125.00ns,0.00ns,135.00ns,120.00ns,41.00ns,26.50us
imported/rsc/anchored-literal-long-match,count-spans,0.1.0 (rev b2eef23d05),rust/regex/pikevm/accEmptyStates,0.4.14,,390,1000000,874.18ms,125.00ns,0.00ns,133.00ns,34.00ns,41.00ns,19.04us
imported/rsc/anchored-literal-long-match,count-spans,0.1.0 (rev b2eef23d05),rust/regex/pikevm/accOneAhead,0.4.14,,390,1000000,909.24ms,125.00ns,0.00ns,133.00ns,89.00ns,41.00ns,25.54us
imported/rsc/one-pass-short,count-spans,0.1.0 (rev b2eef23d05),rust/regex/pikevm,0.4.14,,17,1000000,1.47s,416.00ns,41.00ns,404.00ns,137.00ns,291.00ns,26.54us
imported/rsc/one-pass-short,count-spans,0.1.0 (rev b2eef23d05),rust/regex/pikevm/accEmptyStates,0.4.14,,17,1000000,1.47s,417.00ns,41.00ns,418.00ns,138.00ns,291.00ns,26.79us
imported/rsc/one-pass-short,count-spans,0.1.0 (rev b2eef23d05),rust/regex/pikevm/accOneAhead,0.4.14,,17,1000000,1.44s,417.00ns,0.00ns,410.00ns,125.00ns,291.00ns,36.42us
imported/rsc/one-pass-short-not,count-spans,0.1.0 (rev b2eef23d05),rust/regex/pikevm,0.4.14,,17,1000000,2.21s,709.00ns,41.00ns,739.00ns,211.00ns,583.00ns,34.96us
imported/rsc/one-pass-short-not,count-spans,0.1.0 (rev b2eef23d05),rust/regex/pikevm/accEmptyStates,0.4.14,,17,1000000,2.13s,709.00ns,1.00ns,729.00ns,212.00ns,583.00ns,41.88us
imported/rsc/one-pass-short-not,count-spans,0.1.0 (rev b2eef23d05),rust/regex/pikevm/accOneAhead,0.4.14,,17,1000000,2.18s,750.00ns,41.00ns,752.00ns,244.00ns,625.00ns,35.67us
imported/rsc/one-pass-long-prefix,count-spans,0.1.0 (rev b2eef23d05),rust/regex/pikevm,0.4.14,,26,1000000,1.39s,334.00ns,1.00ns,351.00ns,159.00ns,250.00ns,29.58us
imported/rsc/one-pass-long-prefix,count-spans,0.1.0 (rev b2eef23d05),rust/regex/pikevm/accEmptyStates,0.4.14,,26,1000000,1.43s,375.00ns,41.00ns,367.00ns,151.00ns,250.00ns,34.00us
imported/rsc/one-pass-long-prefix,count-spans,0.1.0 (rev b2eef23d05),rust/regex/pikevm/accOneAhead,0.4.14,,26,1000000,1.39s,375.00ns,0.00ns,361.00ns,73.00ns,250.00ns,26.92us
imported/rsc/one-pass-long-prefix-not,count-spans,0.1.0 (rev b2eef23d05),rust/regex/pikevm,0.4.14,,26,1000000,1.37s,375.00ns,41.00ns,362.00ns,171.00ns,250.00ns,32.92us
imported/rsc/one-pass-long-prefix-not,count-spans,0.1.0 (rev b2eef23d05),rust/regex/pikevm/accEmptyStates,0.4.14,,26,1000000,1.43s,375.00ns,41.00ns,365.00ns,163.00ns,250.00ns,28.46us
imported/rsc/one-pass-long-prefix-not,count-spans,0.1.0 (rev b2eef23d05),rust/regex/pikevm/accOneAhead,0.4.14,,26,1000000,1.39s,375.00ns,0.00ns,363.00ns,100.00ns,250.00ns,35.54us
imported/rsc/long-needle1,count-spans,0.1.0 (rev b2eef23d05),rust/regex/pikevm,0.4.14,,100002,428363,4.77s,6.75us,42.00ns,6.93us,787.00ns,6.58us,63.17us
imported/rsc/long-needle1,count-spans,0.1.0 (rev b2eef23d05),rust/regex/pikevm/accEmptyStates,0.4.14,,100002,442150,4.81s,6.71us,1.00ns,6.72us,460.00ns,6.58us,66.42us
imported/rsc/long-needle1,count-spans,0.1.0 (rev b2eef23d05),rust/regex/pikevm/accOneAhead,0.4.14,,100002,792703,5.03s,3.67us,1.00ns,3.73us,527.00ns,3.54us,50.96us
imported/rsc/long-needle2,count-spans,0.1.0 (rev b2eef23d05),rust/regex/pikevm,0.4.14,,100002,7358,4.51s,406.25us,1.33us,407.64us,4.81us,403.33us,490.67us
imported/rsc/long-needle2,count-spans,0.1.0 (rev b2eef23d05),rust/regex/pikevm/accEmptyStates,0.4.14,,100002,7353,4.54s,406.38us,1.33us,407.92us,4.50us,403.29us,524.17us
imported/rsc/long-needle2,count-spans,0.1.0 (rev b2eef23d05),rust/regex/pikevm/accOneAhead,0.4.14,,100002,7408,4.52s,403.71us,1.46us,404.87us,5.02us,400.33us,521.12us
imported/rsc/easy0-32,count-spans,0.1.0 (rev b2eef23d05),rust/regex/pikevm,0.4.14,,58,1000000,1.87s,583.00ns,41.00ns,583.00ns,143.00ns,458.00ns,27.67us
imported/rsc/easy0-32,count-spans,0.1.0 (rev b2eef23d05),rust/regex/pikevm/accEmptyStates,0.4.14,,58,1000000,1.80s,583.00ns,41.00ns,567.00ns,110.00ns,458.00ns,38.67us
imported/rsc/easy0-32,count-spans,0.1.0 (rev b2eef23d05),rust/regex/pikevm/accOneAhead,0.4.14,,58,1000000,1.39s,375.00ns,0.00ns,362.00ns,181.00ns,250.00ns,29.38us
imported/rsc/easy0-1k,count-spans,0.1.0 (rev b2eef23d05),rust/regex/pikevm,0.4.14,,1050,1000000,1.92s,625.00ns,42.00ns,625.00ns,181.00ns,500.00ns,35.21us
imported/rsc/easy0-1k,count-spans,0.1.0 (rev b2eef23d05),rust/regex/pikevm/accEmptyStates,0.4.14,,1050,1000000,1.88s,625.00ns,41.00ns,616.00ns,211.00ns,500.00ns,47.67us
imported/rsc/easy0-1k,count-spans,0.1.0 (rev b2eef23d05),rust/regex/pikevm/accOneAhead,0.4.14,,1050,1000000,1.43s,375.00ns,0.00ns,379.00ns,64.00ns,291.00ns,26.67us
imported/rsc/easy0-32k,count-spans,0.1.0 (rev b2eef23d05),rust/regex/pikevm,0.4.14,,32794,1000000,3.82s,1.62us,0.00ns,1.65us,259.00ns,1.50us,39.58us
imported/rsc/easy0-32k,count-spans,0.1.0 (rev b2eef23d05),rust/regex/pikevm/accEmptyStates,0.4.14,,32794,1000000,3.78s,1.62us,0.00ns,1.63us,135.00ns,1.50us,40.71us
imported/rsc/easy0-32k,count-spans,0.1.0 (rev b2eef23d05),rust/regex/pikevm/accOneAhead,0.4.14,,32794,1000000,3.52s,1.42us,0.00ns,1.42us,178.00ns,1.29us,36.67us
imported/rsc/easy0-1mb,count-spans,0.1.0 (rev b2eef23d05),rust/regex/pikevm,0.4.14,,1048602,84978,4.56s,34.62us,83.00ns,35.23us,1.82us,34.46us,84.00us
imported/rsc/easy0-1mb,count-spans,0.1.0 (rev b2eef23d05),rust/regex/pikevm/accEmptyStates,0.4.14,,1048602,83124,4.60s,35.12us,583.00ns,36.02us,2.29us,34.42us,85.54us
imported/rsc/easy0-1mb,count-spans,0.1.0 (rev b2eef23d05),rust/regex/pikevm/accOneAhead,0.4.14,,1048602,86788,4.61s,34.38us,42.00ns,34.50us,1.10us,34.21us,96.21us
imported/rsc/easy1-32,count-spans,0.1.0 (rev b2eef23d05),rust/regex/pikevm,0.4.14,,51,1000000,1.63s,459.00ns,41.00ns,487.00ns,189.00ns,334.00ns,34.79us
imported/rsc/easy1-32,count-spans,0.1.0 (rev b2eef23d05),rust/regex/pikevm/accEmptyStates,0.4.14,,51,1000000,1.63s,459.00ns,1.00ns,474.00ns,151.00ns,333.00ns,42.17us
imported/rsc/easy1-32,count-spans,0.1.0 (rev b2eef23d05),rust/regex/pikevm/accOneAhead,0.4.14,,51,1000000,1.29s,292.00ns,1.00ns,313.00ns,50.00ns,208.00ns,22.92us
imported/rsc/easy1-1k,count-spans,0.1.0 (rev b2eef23d05),rust/regex/pikevm,0.4.14,,1043,1000000,1.60s,458.00ns,0.00ns,467.00ns,65.00ns,375.00ns,28.67us
imported/rsc/easy1-1k,count-spans,0.1.0 (rev b2eef23d05),rust/regex/pikevm/accEmptyStates,0.4.14,,1043,1000000,1.63s,458.00ns,0.00ns,465.00ns,303.00ns,334.00ns,31.29us
imported/rsc/easy1-1k,count-spans,0.1.0 (rev b2eef23d05),rust/regex/pikevm/accOneAhead,0.4.14,,1043,1000000,1.31s,333.00ns,1.00ns,335.00ns,122.00ns,208.00ns,26.67us
imported/rsc/easy1-32k,count-spans,0.1.0 (rev b2eef23d05),rust/regex/pikevm,0.4.14,,32787,1000000,2.46s,875.00ns,0.00ns,894.00ns,209.00ns,750.00ns,39.42us
imported/rsc/easy1-32k,count-spans,0.1.0 (rev b2eef23d05),rust/regex/pikevm/accEmptyStates,0.4.14,,32787,1000000,2.51s,875.00ns,0.00ns,903.00ns,232.00ns,750.00ns,40.12us
imported/rsc/easy1-32k,count-spans,0.1.0 (rev b2eef23d05),rust/regex/pikevm/accOneAhead,0.4.14,,32787,1000000,2.22s,750.00ns,41.00ns,744.00ns,130.00ns,625.00ns,31.92us
imported/rsc/easy1-1mb,count-spans,0.1.0 (rev b2eef23d05),rust/regex/pikevm,0.4.14,,1048595,194551,4.68s,15.38us,42.00ns,15.34us,1.39us,13.46us,78.12us
imported/rsc/easy1-1mb,count-spans,0.1.0 (rev b2eef23d05),rust/regex/pikevm/accEmptyStates,0.4.14,,1048595,203497,4.68s,14.33us,750.00ns,14.68us,1.34us,13.46us,57.21us
imported/rsc/easy1-1mb,count-spans,0.1.0 (rev b2eef23d05),rust/regex/pikevm/accOneAhead,0.4.14,,1048595,197163,4.62s,15.25us,41.00ns,15.14us,1.32us,13.38us,61.88us
imported/rsc/medium-32,count-spans,0.1.0 (rev b2eef23d05),rust/regex/pikevm,0.4.14,,59,1000000,2.01s,666.00ns,41.00ns,661.00ns,217.00ns,500.00ns,36.75us
imported/rsc/medium-32,count-spans,0.1.0 (rev b2eef23d05),rust/regex/pikevm/accEmptyStates,0.4.14,,59,1000000,1.97s,625.00ns,0.00ns,638.00ns,167.00ns,500.00ns,33.04us
imported/rsc/medium-32,count-spans,0.1.0 (rev b2eef23d05),rust/regex/pikevm/accOneAhead,0.4.14,,59,1000000,1.36s,375.00ns,0.00ns,363.00ns,105.00ns,250.00ns,27.04us
imported/rsc/medium-1k,count-spans,0.1.0 (rev b2eef23d05),rust/regex/pikevm,0.4.14,,1051,1000000,2.21s,750.00ns,41.00ns,758.00ns,182.00ns,625.00ns,32.50us
imported/rsc/medium-1k,count-spans,0.1.0 (rev b2eef23d05),rust/regex/pikevm/accEmptyStates,0.4.14,,1051,1000000,2.20s,750.00ns,0.00ns,753.00ns,196.00ns,625.00ns,31.37us
imported/rsc/medium-1k,count-spans,0.1.0 (rev b2eef23d05),rust/regex/pikevm/accOneAhead,0.4.14,,1051,1000000,1.66s,500.00ns,0.00ns,488.00ns,125.00ns,375.00ns,36.92us
imported/rsc/medium-32k,count-spans,0.1.0 (rev b2eef23d05),rust/regex/pikevm,0.4.14,,32795,701126,4.96s,4.21us,0.00ns,4.21us,358.00ns,4.08us,70.67us
imported/rsc/medium-32k,count-spans,0.1.0 (rev b2eef23d05),rust/regex/pikevm/accEmptyStates,0.4.14,,32795,700673,4.94s,4.21us,0.00ns,4.22us,307.00ns,4.08us,66.46us
imported/rsc/medium-32k,count-spans,0.1.0 (rev b2eef23d05),rust/regex/pikevm/accOneAhead,0.4.14,,32795,743337,4.95s,3.96us,0.00ns,3.97us,354.00ns,3.83us,45.29us
imported/rsc/medium-1mb,count-spans,0.1.0 (rev b2eef23d05),rust/regex/pikevm,0.4.14,,1048603,25856,4.56s,115.54us,41.00ns,115.95us,2.25us,115.42us,173.00us
imported/rsc/medium-1mb,count-spans,0.1.0 (rev b2eef23d05),rust/regex/pikevm/accEmptyStates,0.4.14,,1048603,25860,4.52s,115.54us,41.00ns,115.94us,2.13us,115.38us,184.00us
imported/rsc/medium-1mb,count-spans,0.1.0 (rev b2eef23d05),rust/regex/pikevm/accOneAhead,0.4.14,,1048603,25917,4.54s,115.33us,41.00ns,115.68us,2.05us,115.17us,175.46us
imported/rsc/hard-32,count-spans,0.1.0 (rev b2eef23d05),rust/regex/pikevm,0.4.14,,58,1000000,3.82s,1.62us,0.00ns,1.66us,268.00ns,1.50us,43.17us
imported/rsc/hard-32,count-spans,0.1.0 (rev b2eef23d05),rust/regex/pikevm/accEmptyStates,0.4.14,,58,1000000,3.82s,1.62us,41.00ns,1.62us,256.00ns,1.50us,45.67us
imported/rsc/hard-32,count-spans,0.1.0 (rev b2eef23d05),rust/regex/pikevm/accOneAhead,0.4.14,,58,1000000,3.86s,1.71us,1.00ns,1.70us,216.00ns,1.58us,52.33us
imported/rsc/hard-1k,count-spans,0.1.0 (rev b2eef23d05),rust/regex/pikevm,0.4.14,,1050,115291,4.62s,25.21us,42.00ns,25.95us,1.81us,25.08us,73.12us
imported/rsc/hard-1k,count-spans,0.1.0 (rev b2eef23d05),rust/regex/pikevm/accEmptyStates,0.4.14,,1050,119286,4.60s,24.79us,41.00ns,25.08us,1.28us,24.67us,84.33us
imported/rsc/hard-1k,count-spans,0.1.0 (rev b2eef23d05),rust/regex/pikevm/accOneAhead,0.4.14,,1050,111587,4.59s,26.17us,42.00ns,26.81us,1.81us,26.04us,81.54us
imported/rsc/hard-32k,count-spans,0.1.0 (rev b2eef23d05),rust/regex/pikevm,0.4.14,,32794,3680,4.54s,783.25us,4.92us,815.20us,46.84us,778.12us,947.29us
imported/rsc/hard-32k,count-spans,0.1.0 (rev b2eef23d05),rust/regex/pikevm/accEmptyStates,0.4.14,,32794,3863,4.54s,767.75us,1.88us,776.59us,27.52us,765.71us,0.98ms
imported/rsc/hard-32k,count-spans,0.1.0 (rev b2eef23d05),rust/regex/pikevm/accOneAhead,0.4.14,,32794,3694,4.56s,808.50us,1.21us,812.12us,12.81us,807.12us,0.96ms
imported/rsc/hard-1mb,count-spans,0.1.0 (rev b2eef23d05),rust/regex/pikevm,0.4.14,,1048602,119,4.57s,24.95ms,23.33us,25.22ms,695.14us,24.91ms,27.72ms
imported/rsc/hard-1mb,count-spans,0.1.0 (rev b2eef23d05),rust/regex/pikevm/accEmptyStates,0.4.14,,1048602,116,4.54s,26.42ms,399.38us,25.87ms,1.01ms,24.49ms,27.14ms
imported/rsc/hard-1mb,count-spans,0.1.0 (rev b2eef23d05),rust/regex/pikevm/accOneAhead,0.4.14,,1048602,111,4.58s,27.33ms,148.29us,27.22ms,469.49us,25.85ms,27.83ms
imported/rsc/reallyhard0-32,count-spans,0.1.0 (rev b2eef23d05),rust/regex/pikevm,0.4.14,,58,1000000,3.87s,1.62us,0.00ns,1.70us,323.00ns,1.54us,36.71us
imported/rsc/reallyhard0-32,count-spans,0.1.0 (rev b2eef23d05),rust/regex/pikevm/accEmptyStates,0.4.14,,58,1000000,3.74s,1.62us,0.00ns,1.63us,232.00ns,1.50us,37.67us
imported/rsc/reallyhard0-32,count-spans,0.1.0 (rev b2eef23d05),rust/regex/pikevm/accOneAhead,0.4.14,,58,1000000,3.87s,1.71us,41.00ns,1.77us,344.00ns,1.58us,43.04us
imported/rsc/reallyhard0-1k,count-spans,0.1.0 (rev b2eef23d05),rust/regex/pikevm,0.4.14,,1050,117585,4.63s,25.21us,41.00ns,25.44us,1.31us,25.08us,86.00us
imported/rsc/reallyhard0-1k,count-spans,0.1.0 (rev b2eef23d05),rust/regex/pikevm/accEmptyStates,0.4.14,,1050,113851,4.58s,25.17us,417.00ns,26.28us,2.08us,24.71us,73.96us
imported/rsc/reallyhard0-1k,count-spans,0.1.0 (rev b2eef23d05),rust/regex/pikevm/accOneAhead,0.4.14,,1050,112635,4.60s,26.17us,42.00ns,26.56us,1.52us,26.04us,91.96us
imported/rsc/reallyhard0-32k,count-spans,0.1.0 (rev b2eef23d05),rust/regex/pikevm,0.4.14,,32794,3806,4.56s,779.33us,791.00ns,788.20us,24.86us,778.46us,929.08us
imported/rsc/reallyhard0-32k,count-spans,0.1.0 (rev b2eef23d05),rust/regex/pikevm/accEmptyStates,0.4.14,,32794,3903,4.56s,766.50us,291.00ns,768.72us,6.84us,766.08us,942.29us
imported/rsc/reallyhard0-32k,count-spans,0.1.0 (rev b2eef23d05),rust/regex/pikevm/accOneAhead,0.4.14,,32794,3510,4.52s,850.96us,39.50us,854.57us,43.48us,807.46us,1.07ms
imported/rsc/reallyhard0-1mb,count-spans,0.1.0 (rev b2eef23d05),rust/regex/pikevm,0.4.14,,1048602,117,4.56s,24.99ms,77.83us,25.67ms,814.55us,24.91ms,27.12ms
imported/rsc/reallyhard0-1mb,count-spans,0.1.0 (rev b2eef23d05),rust/regex/pikevm/accEmptyStates,0.4.14,,1048602,123,4.57s,24.54ms,20.04us,24.56ms,93.27us,24.50ms,25.16ms
imported/rsc/reallyhard0-1mb,count-spans,0.1.0 (rev b2eef23d05),rust/regex/pikevm/accOneAhead,0.4.14,,1048602,112,4.56s,27.22ms,288.35us,27.00ms,634.07us,25.84ms,27.83ms
imported/rsc/reallyreallyhard0-32,count-spans,0.1.0 (rev b2eef23d05),rust/regex/pikevm,0.4.14,,47,1000000,3.55s,1.42us,42.00ns,1.45us,322.00ns,1.25us,40.79us
imported/rsc/reallyreallyhard0-32,count-spans,0.1.0 (rev b2eef23d05),rust/regex/pikevm/accEmptyStates,0.4.14,,47,1000000,3.52s,1.42us,41.00ns,1.43us,355.00ns,1.25us,42.29us
imported/rsc/reallyreallyhard0-32,count-spans,0.1.0 (rev b2eef23d05),rust/regex/pikevm/accOneAhead,0.4.14,,47,1000000,3.55s,1.42us,0.00ns,1.43us,202.00ns,1.29us,37.38us
imported/rsc/reallyreallyhard0-1k,count-spans,0.1.0 (rev b2eef23d05),rust/regex/pikevm,0.4.14,,1039,104326,4.59s,27.50us,83.00ns,28.68us,2.16us,27.33us,86.62us
imported/rsc/reallyreallyhard0-1k,count-spans,0.1.0 (rev b2eef23d05),rust/regex/pikevm/accEmptyStates,0.4.14,,1039,106295,4.59s,27.21us,42.00ns,28.15us,2.04us,27.04us,82.00us
imported/rsc/reallyreallyhard0-1k,count-spans,0.1.0 (rev b2eef23d05),rust/regex/pikevm/accOneAhead,0.4.14,,1039,103296,4.62s,28.38us,42.00ns,28.97us,1.88us,28.25us,94.79us
imported/rsc/reallyreallyhard0-32k,count-spans,0.1.0 (rev b2eef23d05),rust/regex/pikevm,0.4.14,,32783,3371,4.54s,866.58us,5.33us,889.88us,39.24us,861.04us,1.05ms
imported/rsc/reallyreallyhard0-32k,count-spans,0.1.0 (rev b2eef23d05),rust/regex/pikevm/accEmptyStates,0.4.14,,32783,3357,4.51s,887.96us,31.29us,893.67us,42.06us,851.42us,1.04ms
imported/rsc/reallyreallyhard0-32k,count-spans,0.1.0 (rev b2eef23d05),rust/regex/pikevm/accOneAhead,0.4.14,,32783,3234,4.56s,910.88us,21.12us,927.80us,40.74us,889.54us,1.17ms
imported/rsc/reallyreallyhard0-1mb,count-spans,0.1.0 (rev b2eef23d05),rust/regex/pikevm,0.4.14,,1048591,106,4.57s,28.82ms,348.50us,28.58ms,669.72us,27.58ms,29.63ms
imported/rsc/reallyreallyhard0-1mb,count-spans,0.1.0 (rev b2eef23d05),rust/regex/pikevm/accEmptyStates,0.4.14,,1048591,107,4.54s,27.55ms,287.42us,28.09ms,828.07us,27.26ms,29.35ms
imported/rsc/reallyreallyhard0-1mb,count-spans,0.1.0 (rev b2eef23d05),rust/regex/pikevm/accOneAhead,0.4.14,,1048591,103,4.58s,28.60ms,120.37us,29.18ms,724.49us,28.48ms,30.45ms
imported/rsc/reallyreallyreallyhard0-32,count-spans,0.1.0 (rev b2eef23d05),rust/regex/pikevm,0.4.14,,51,1000000,3.73s,1.54us,1.00ns,1.57us,262.00ns,1.42us,38.42us
imported/rsc/reallyreallyreallyhard0-32,count-spans,0.1.0 (rev b2eef23d05),rust/regex/pikevm/accEmptyStates,0.4.14,,51,1000000,3.65s,1.50us,0.00ns,1.54us,526.00ns,1.42us,39.54us
imported/rsc/reallyreallyreallyhard0-32,count-spans,0.1.0 (rev b2eef23d05),rust/regex/pikevm/accOneAhead,0.4.14,,51,1000000,3.76s,1.58us,1.00ns,1.60us,331.00ns,1.46us,45.33us
imported/rsc/reallyreallyreallyhard0-1k,count-spans,0.1.0 (rev b2eef23d05),rust/regex/pikevm,0.4.14,,1043,108019,4.61s,27.62us,41.00ns,27.71us,940.00ns,27.50us,88.75us
imported/rsc/reallyreallyreallyhard0-1k,count-spans,0.1.0 (rev b2eef23d05),rust/regex/pikevm/accEmptyStates,0.4.14,,1043,107938,4.59s,27.33us,41.00ns,27.72us,1.69us,27.21us,79.71us
imported/rsc/reallyreallyreallyhard0-1k,count-spans,0.1.0 (rev b2eef23d05),rust/regex/pikevm/accOneAhead,0.4.14,,1043,101395,4.58s,28.67us,209.00ns,29.51us,2.11us,28.42us,88.96us
imported/rsc/reallyreallyreallyhard0-32k,count-spans,0.1.0 (rev b2eef23d05),rust/regex/pikevm,0.4.14,,32787,3472,4.56s,862.29us,1.21us,864.07us,7.48us,861.00us,1.04ms
imported/rsc/reallyreallyreallyhard0-32k,count-spans,0.1.0 (rev b2eef23d05),rust/regex/pikevm/accEmptyStates,0.4.14,,32787,3503,4.51s,854.29us,1.21us,856.31us,7.15us,852.96us,1.03ms
imported/rsc/reallyreallyreallyhard0-32k,count-spans,0.1.0 (rev b2eef23d05),rust/regex/pikevm/accOneAhead,0.4.14,,32787,3334,4.56s,892.54us,2.50us,899.89us,22.09us,889.83us,1.07ms
imported/rsc/reallyreallyreallyhard0-1mb,count-spans,0.1.0 (rev b2eef23d05),rust/regex/pikevm,0.4.14,,1048595,108,4.59s,27.62ms,34.40us,28.02ms,745.04us,27.56ms,29.76ms
imported/rsc/reallyreallyreallyhard0-1mb,count-spans,0.1.0 (rev b2eef23d05),rust/regex/pikevm/accEmptyStates,0.4.14,,1048595,108,4.55s,27.34ms,46.23us,27.98ms,867.41us,27.28ms,29.67ms
imported/rsc/reallyreallyreallyhard0-1mb,count-spans,0.1.0 (rev b2eef23d05),rust/regex/pikevm/accOneAhead,0.4.14,,1048595,102,4.60s,29.54ms,171.85us,29.56ms,276.94us,28.88ms,30.33ms
imported/sherlock/name-sherlock,count-spans,0.1.0 (rev b2eef23d05),rust/regex/pikevm,0.4.14,,594933,72436,4.58s,40.33us,124.00ns,41.35us,2.30us,40.08us,110.42us
imported/sherlock/name-sherlock,count-spans,0.1.0 (rev b2eef23d05),rust/regex/pikevm/accEmptyStates,0.4.14,,594933,73396,4.60s,40.25us,42.00ns,40.80us,1.83us,40.08us,102.17us
imported/sherlock/name-sherlock,count-spans,0.1.0 (rev b2eef23d05),rust/regex/pikevm/accOneAhead,0.4.14,,594933,86836,4.56s,34.04us,42.00ns,34.48us,1.68us,33.88us,99.38us
imported/sherlock/name-holmes,count-spans,0.1.0 (rev b2eef23d05),rust/regex/pikevm,0.4.14,,594933,29776,4.54s,98.71us,167.00ns,100.69us,4.73us,98.17us,162.62us
imported/sherlock/name-holmes,count-spans,0.1.0 (rev b2eef23d05),rust/regex/pikevm/accEmptyStates,0.4.14,,594933,30508,4.54s,98.00us,83.00ns,98.28us,1.73us,97.54us,154.71us
imported/sherlock/name-holmes,count-spans,0.1.0 (rev b2eef23d05),rust/regex/pikevm/accOneAhead,0.4.14,,594933,41307,4.58s,72.17us,42.00ns,72.56us,2.50us,72.00us,122.75us
imported/sherlock/name-sherlock-holmes,count-spans,0.1.0 (rev b2eef23d05),rust/regex/pikevm,0.4.14,,594933,56636,4.59s,51.33us,833.00ns,52.90us,3.42us,50.38us,118.25us
imported/sherlock/name-sherlock-holmes,count-spans,0.1.0 (rev b2eef23d05),rust/regex/pikevm/accEmptyStates,0.4.14,,594933,57417,4.57s,50.58us,125.00ns,52.18us,3.20us,50.33us,110.00us
imported/sherlock/name-sherlock-holmes,count-spans,0.1.0 (rev b2eef23d05),rust/regex/pikevm/accOneAhead,0.4.14,,594933,73381,4.59s,39.58us,125.00ns,40.81us,2.56us,39.21us,101.88us
imported/sherlock/name-sherlock-casei,count-spans,0.1.0 (rev b2eef23d05),rust/regex/pikevm,0.4.14,,594933,32902,4.53s,90.83us,41.00ns,91.12us,1.78us,90.67us,146.00us
imported/sherlock/name-sherlock-casei,count-spans,0.1.0 (rev b2eef23d05),rust/regex/pikevm/accEmptyStates,0.4.14,,594933,32929,4.54s,90.79us,42.00ns,91.04us,1.57us,90.62us,148.62us
imported/sherlock/name-sherlock-casei,count-spans,0.1.0 (rev b2eef23d05),rust/regex/pikevm/accOneAhead,0.4.14,,594933,35810,4.58s,83.42us,42.00ns,83.71us,1.73us,83.25us,147.00us
imported/sherlock/name-holmes-casei,count-spans,0.1.0 (rev b2eef23d05),rust/regex/pikevm,0.4.14,,594933,19226,4.54s,155.46us,83.00ns,155.98us,2.43us,155.25us,221.83us
imported/sherlock/name-holmes-casei,count-spans,0.1.0 (rev b2eef23d05),rust/regex/pikevm/accEmptyStates,0.4.14,,594933,18659,4.52s,160.17us,42.00ns,160.73us,2.60us,159.96us,208.33us
imported/sherlock/name-holmes-casei,count-spans,0.1.0 (rev b2eef23d05),rust/regex/pikevm/accOneAhead,0.4.14,,594933,22679,4.55s,131.79us,83.00ns,132.23us,2.20us,131.17us,199.62us
imported/sherlock/name-sherlock-holmes-casei,count-spans,0.1.0 (rev b2eef23d05),rust/regex/pikevm,0.4.14,,594933,28355,4.56s,105.42us,42.00ns,105.74us,1.90us,105.25us,173.58us
imported/sherlock/name-sherlock-holmes-casei,count-spans,0.1.0 (rev b2eef23d05),rust/regex/pikevm/accEmptyStates,0.4.14,,594933,28363,4.55s,105.33us,41.00ns,105.71us,2.11us,105.17us,165.54us
imported/sherlock/name-sherlock-holmes-casei,count-spans,0.1.0 (rev b2eef23d05),rust/regex/pikevm/accOneAhead,0.4.14,,594933,32770,4.54s,91.21us,42.00ns,91.48us,1.81us,91.04us,152.29us
imported/sherlock/name-whitespace,count-spans,0.1.0 (rev b2eef23d05),rust/regex/pikevm,0.4.14,,594933,54087,4.54s,55.21us,41.00ns,55.40us,1.42us,55.04us,117.62us
imported/sherlock/name-whitespace,count-spans,0.1.0 (rev b2eef23d05),rust/regex/pikevm/accEmptyStates,0.4.14,,594933,52756,4.59s,55.21us,84.00ns,56.80us,3.04us,55.00us,110.62us
imported/sherlock/name-whitespace,count-spans,0.1.0 (rev b2eef23d05),rust/regex/pikevm/accOneAhead,0.4.14,,594933,68387,4.55s,43.21us,83.00ns,43.80us,2.11us,42.88us,104.17us
imported/sherlock/name-alt1,count-spans,0.1.0 (rev b2eef23d05),rust/regex/pikevm,0.4.14,,594933,32159,4.55s,91.46us,499.00ns,93.23us,4.21us,90.62us,152.12us
imported/sherlock/name-alt1,count-spans,0.1.0 (rev b2eef23d05),rust/regex/pikevm/accEmptyStates,0.4.14,,594933,32574,4.55s,89.33us,1.33us,92.03us,5.46us,87.79us,151.08us
imported/sherlock/name-alt1,count-spans,0.1.0 (rev b2eef23d05),rust/regex/pikevm/accOneAhead,0.4.14,,594933,44080,4.57s,66.83us,1.21us,67.99us,3.50us,65.33us,115.38us
imported/sherlock/name-alt2,count-spans,0.1.0 (rev b2eef23d05),rust/regex/pikevm,0.4.14,,594933,16793,4.56s,178.04us,83.00ns,178.59us,2.45us,177.62us,239.25us
imported/sherlock/name-alt2,count-spans,0.1.0 (rev b2eef23d05),rust/regex/pikevm/accEmptyStates,0.4.14,,594933,16863,4.55s,177.33us,83.00ns,177.84us,2.73us,177.00us,241.71us
imported/sherlock/name-alt2,count-spans,0.1.0 (rev b2eef23d05),rust/regex/pikevm/accOneAhead,0.4.14,,594933,21794,4.56s,137.12us,42.00ns,137.59us,2.29us,136.88us,195.46us
imported/sherlock/name-alt3,count-spans,0.1.0 (rev b2eef23d05),rust/regex/pikevm,0.4.14,,594933,13204,4.57s,226.38us,333.00ns,227.14us,3.14us,225.67us,285.58us
imported/sherlock/name-alt3,count-spans,0.1.0 (rev b2eef23d05),rust/regex/pikevm/accEmptyStates,0.4.14,,594933,13241,4.55s,225.79us,167.00ns,226.51us,3.14us,225.21us,304.46us
imported/sherlock/name-alt3,count-spans,0.1.0 (rev b2eef23d05),rust/regex/pikevm/accOneAhead,0.4.14,,594933,18097,4.57s,165.17us,42.00ns,165.72us,2.50us,164.96us,228.88us
imported/sherlock/name-alt3-casei,count-spans,0.1.0 (rev b2eef23d05),rust/regex/pikevm,0.4.14,,594933,1158,4.56s,2.59ms,4.54us,2.59ms,13.72us,2.58ms,2.87ms
imported/sherlock/name-alt3-casei,count-spans,0.1.0 (rev b2eef23d05),rust/regex/pikevm/accEmptyStates,0.4.14,,594933,1158,4.55s,2.59ms,5.14us,2.59ms,16.69us,2.58ms,2.85ms
imported/sherlock/name-alt3-casei,count-spans,0.1.0 (rev b2eef23d05),rust/regex/pikevm/accOneAhead,0.4.14,,594933,1414,4.54s,2.12ms,3.77us,2.12ms,12.57us,2.11ms,2.42ms
imported/sherlock/name-alt4,count-spans,0.1.0 (rev b2eef23d05),rust/regex/pikevm,0.4.14,,594933,13890,4.52s,215.29us,125.00ns,215.92us,2.74us,213.50us,282.08us
imported/sherlock/name-alt4,count-spans,0.1.0 (rev b2eef23d05),rust/regex/pikevm/accEmptyStates,0.4.14,,594933,14151,4.52s,211.17us,83.00ns,211.95us,3.14us,210.58us,278.96us
imported/sherlock/name-alt4,count-spans,0.1.0 (rev b2eef23d05),rust/regex/pikevm/accOneAhead,0.4.14,,594933,18479,4.53s,161.75us,42.00ns,162.28us,2.49us,161.58us,213.50us
imported/sherlock/name-alt4-casei,count-spans,0.1.0 (rev b2eef23d05),rust/regex/pikevm,0.4.14,,594933,9769,4.52s,305.92us,208.00ns,307.03us,4.32us,305.25us,391.58us
imported/sherlock/name-alt4-casei,count-spans,0.1.0 (rev b2eef23d05),rust/regex/pikevm/accEmptyStates,0.4.14,,594933,9693,4.55s,308.67us,250.00ns,309.44us,3.68us,306.17us,388.96us
imported/sherlock/name-alt4-casei,count-spans,0.1.0 (rev b2eef23d05),rust/regex/pikevm/accOneAhead,0.4.14,,594933,12050,4.57s,248.12us,208.00ns,248.89us,2.95us,247.00us,315.25us
imported/sherlock/name-alt5,count-spans,0.1.0 (rev b2eef23d05),rust/regex/pikevm,0.4.14,,594933,14847,4.55s,201.38us,125.00ns,202.00us,2.98us,200.88us,280.67us
imported/sherlock/name-alt5,count-spans,0.1.0 (rev b2eef23d05),rust/regex/pikevm/accEmptyStates,0.4.14,,594933,15137,4.54s,197.75us,208.00ns,198.14us,3.20us,196.38us,263.88us
imported/sherlock/name-alt5,count-spans,0.1.0 (rev b2eef23d05),rust/regex/pikevm/accOneAhead,0.4.14,,594933,20168,4.55s,148.21us,42.00ns,148.70us,2.30us,148.00us,209.08us
imported/sherlock/name-alt5-casei,count-spans,0.1.0 (rev b2eef23d05),rust/regex/pikevm,0.4.14,,594933,8519,4.56s,351.00us,166.00ns,352.11us,4.04us,350.42us,439.50us
imported/sherlock/name-alt5-casei,count-spans,0.1.0 (rev b2eef23d05),rust/regex/pikevm/accEmptyStates,0.4.14,,594933,8418,4.56s,355.21us,168.00ns,356.34us,4.41us,353.62us,438.46us
imported/sherlock/name-alt5-casei,count-spans,0.1.0 (rev b2eef23d05),rust/regex/pikevm/accOneAhead,0.4.14,,594933,11681,4.56s,255.79us,249.00ns,256.77us,3.27us,255.12us,318.58us
imported/sherlock/no-match-uncommon,count-spans,0.1.0 (rev b2eef23d05),rust/regex/pikevm,0.4.14,,594933,149910,4.63s,19.75us,42.00ns,19.94us,1.09us,19.58us,85.12us
imported/sherlock/no-match-uncommon,count-spans,0.1.0 (rev b2eef23d05),rust/regex/pikevm/accEmptyStates,0.4.14,,594933,151036,4.64s,19.75us,0.00ns,19.79us,742.00ns,19.62us,85.58us
imported/sherlock/no-match-uncommon,count-spans,0.1.0 (rev b2eef23d05),rust/regex/pikevm/accOneAhead,0.4.14,,594933,1000000,724.51ms,42.00ns,0.00ns,38.00ns,33.00ns,1.00ns,19.50us
imported/sherlock/no-match-common,count-spans,0.1.0 (rev b2eef23d05),rust/regex/pikevm,0.4.14,,594933,151281,4.65s,19.71us,1.00ns,19.76us,708.00ns,19.58us,61.17us
imported/sherlock/no-match-common,count-spans,0.1.0 (rev b2eef23d05),rust/regex/pikevm/accEmptyStates,0.4.14,,594933,149067,4.59s,19.75us,42.00ns,20.06us,1.27us,19.58us,77.08us
imported/sherlock/no-match-common,count-spans,0.1.0 (rev b2eef23d05),rust/regex/pikevm/accOneAhead,0.4.14,,594933,1000000,749.74ms,42.00ns,0.00ns,38.00ns,40.00ns,1.00ns,22.17us
imported/sherlock/no-match-really-common,count-spans,0.1.0 (rev b2eef23d05),rust/regex/pikevm,0.4.14,,594933,108953,4.61s,27.38us,125.00ns,27.46us,1.34us,26.71us,82.46us
imported/sherlock/no-match-really-common,count-spans,0.1.0 (rev b2eef23d05),rust/regex/pikevm/accEmptyStates,0.4.14,,594933,109331,4.60s,27.29us,124.00ns,27.37us,1.13us,26.62us,91.67us
imported/sherlock/no-match-really-common,count-spans,0.1.0 (rev b2eef23d05),rust/regex/pikevm/accOneAhead,0.4.14,,594933,1000000,707.11ms,42.00ns,0.00ns,38.00ns,28.00ns,1.00ns,13.17us
imported/sherlock/the-lower,count-spans,0.1.0 (rev b2eef23d05),rust/regex/pikevm,0.4.14,,594933,3247,4.53s,905.50us,4.96us,923.97us,35.66us,896.46us,1.11ms
imported/sherlock/the-lower,count-spans,0.1.0 (rev b2eef23d05),rust/regex/pikevm/accEmptyStates,0.4.14,,594933,3203,4.51s,919.83us,17.25us,936.73us,38.44us,900.33us,1.07ms
imported/sherlock/the-lower,count-spans,0.1.0 (rev b2eef23d05),rust/regex/pikevm/accOneAhead,0.4.14,,594933,4257,4.54s,692.96us,6.08us,704.73us,25.57us,685.71us,878.04us
imported/sherlock/the-upper,count-spans,0.1.0 (rev b2eef23d05),rust/regex/pikevm,0.4.14,,594933,27925,4.56s,105.33us,1.62us,107.37us,5.22us,103.12us,173.71us
imported/sherlock/the-upper,count-spans,0.1.0 (rev b2eef23d05),rust/regex/pikevm/accEmptyStates,0.4.14,,594933,28745,4.56s,103.96us,42.00ns,104.31us,2.00us,103.25us,160.75us
imported/sherlock/the-upper,count-spans,0.1.0 (rev b2eef23d05),rust/regex/pikevm/accOneAhead,0.4.14,,594933,35428,4.53s,84.21us,42.00ns,84.61us,2.21us,83.08us,151.54us
imported/sherlock/the-casei,count-spans,0.1.0 (rev b2eef23d05),rust/regex/pikevm,0.4.14,,594933,2669,4.51s,1.11ms,5.12us,1.12ms,23.55us,1.11ms,1.32ms
imported/sherlock/the-casei,count-spans,0.1.0 (rev b2eef23d05),rust/regex/pikevm/accEmptyStates,0.4.14,,594933,2574,4.53s,1.16ms,1.98us,1.17ms,10.16us,1.16ms,1.39ms
imported/sherlock/the-casei,count-spans,0.1.0 (rev b2eef23d05),rust/regex/pikevm/accOneAhead,0.4.14,,594933,3172,4.55s,943.38us,1.75us,945.83us,11.41us,933.12us,1.16ms
imported/sherlock/everything-greedy,count-spans,0.1.0 (rev b2eef23d05),rust/regex/pikevm,0.4.14,,594933,184,4.52s,16.13ms,26.25us,16.35ms,402.98us,16.08ms,17.48ms
imported/sherlock/everything-greedy,count-spans,0.1.0 (rev b2eef23d05),rust/regex/pikevm/accEmptyStates,0.4.14,,594933,157,4.52s,19.17ms,189.67us,19.11ms,303.36us,17.89ms,19.77ms
imported/sherlock/everything-greedy,count-spans,0.1.0 (rev b2eef23d05),rust/regex/pikevm/accOneAhead,0.4.14,,594933,164,4.57s,18.24ms,469.88us,18.37ms,397.26us,17.68ms,19.11ms
imported/sherlock/everything-greedy-nl,count-spans,0.1.0 (rev b2eef23d05),rust/regex/pikevm,0.4.14,,594933,189,4.56s,15.94ms,161.08us,15.93ms,254.86us,15.14ms,16.45ms
imported/sherlock/everything-greedy-nl,count-spans,0.1.0 (rev b2eef23d05),rust/regex/pikevm/accEmptyStates,0.4.14,,594933,167,4.55s,18.05ms,318.79us,18.02ms,343.88us,17.16ms,18.72ms
imported/sherlock/everything-greedy-nl,count-spans,0.1.0 (rev b2eef23d05),rust/regex/pikevm/accOneAhead,0.4.14,,594933,177,4.53s,16.88ms,44.83us,17.03ms,342.02us,16.67ms,17.90ms
imported/sherlock/letters,count-spans,0.1.0 (rev b2eef23d05),rust/regex/pikevm,0.4.14,,594933,115,4.54s,26.31ms,156.25us,26.30ms,254.58us,25.81ms,27.16ms
imported/sherlock/letters,count-spans,0.1.0 (rev b2eef23d05),rust/regex/pikevm/accEmptyStates,0.4.14,,594933,107,4.57s,28.09ms,170.96us,28.11ms,246.24us,27.39ms,28.66ms
imported/sherlock/letters,count-spans,0.1.0 (rev b2eef23d05),rust/regex/pikevm/accOneAhead,0.4.14,,594933,107,4.53s,28.02ms,23.13us,28.06ms,176.37us,27.97ms,29.40ms
imported/sherlock/letters-upper,count-spans,0.1.0 (rev b2eef23d05),rust/regex/pikevm,0.4.14,,594933,280,4.54s,10.77ms,135.06us,10.72ms,188.06us,10.18ms,11.21ms
imported/sherlock/letters-upper,count-spans,0.1.0 (rev b2eef23d05),rust/regex/pikevm/accEmptyStates,0.4.14,,594933,292,4.55s,10.09ms,23.44us,10.29ms,297.68us,10.06ms,10.92ms
imported/sherlock/letters-upper,count-spans,0.1.0 (rev b2eef23d05),rust/regex/pikevm/accOneAhead,0.4.14,,594933,281,4.56s,10.70ms,300.46us,10.69ms,287.84us,10.37ms,11.39ms
imported/sherlock/letters-lower,count-spans,0.1.0 (rev b2eef23d05),rust/regex/pikevm,0.4.14,,594933,121,4.56s,25.18ms,460.50us,24.81ms,813.92us,23.74ms,25.96ms
imported/sherlock/letters-lower,count-spans,0.1.0 (rev b2eef23d05),rust/regex/pikevm/accEmptyStates,0.4.14,,594933,115,4.56s,25.99ms,24.75us,26.25ms,630.97us,25.95ms,28.38ms
imported/sherlock/letters-lower,count-spans,0.1.0 (rev b2eef23d05),rust/regex/pikevm/accOneAhead,0.4.14,,594933,107,4.55s,28.21ms,266.75us,28.04ms,598.63us,26.99ms,28.99ms
imported/sherlock/words,count-spans,0.1.0 (rev b2eef23d05),rust/regex/pikevm,0.4.14,,594933,152,4.54s,19.81ms,165.40us,19.78ms,233.77us,19.04ms,20.31ms
imported/sherlock/words,count-spans,0.1.0 (rev b2eef23d05),rust/regex/pikevm/accEmptyStates,0.4.14,,594933,152,4.58s,19.84ms,169.54us,19.86ms,244.91us,19.35ms,20.51ms
imported/sherlock/words,count-spans,0.1.0 (rev b2eef23d05),rust/regex/pikevm/accOneAhead,0.4.14,,594933,150,4.54s,20.07ms,236.69us,20.08ms,271.85us,19.73ms,20.88ms
imported/sherlock/before-holmes,count-spans,0.1.0 (rev b2eef23d05),rust/regex/pikevm,0.4.14,,594933,177,4.56s,16.95ms,9.67us,16.96ms,64.14us,16.93ms,17.35ms
imported/sherlock/before-holmes,count-spans,0.1.0 (rev b2eef23d05),rust/regex/pikevm/accEmptyStates,0.4.14,,594933,172,4.56s,17.51ms,209.19us,17.51ms,267.69us,16.92ms,18.09ms
imported/sherlock/before-holmes,count-spans,0.1.0 (rev b2eef23d05),rust/regex/pikevm/accOneAhead,0.4.14,,594933,173,4.56s,17.33ms,13.54us,17.34ms,60.23us,17.30ms,17.73ms
imported/sherlock/before-after-holmes,count-spans,0.1.0 (rev b2eef23d05),rust/regex/pikevm,0.4.14,,594933,171,4.54s,17.67ms,230.54us,17.59ms,360.75us,16.94ms,18.25ms
imported/sherlock/before-after-holmes,count-spans,0.1.0 (rev b2eef23d05),rust/regex/pikevm/accEmptyStates,0.4.14,,594933,178,4.55s,16.85ms,18.33us,16.93ms,207.26us,16.82ms,18.12ms
imported/sherlock/before-after-holmes,count-spans,0.1.0 (rev b2eef23d05),rust/regex/pikevm/accOneAhead,0.4.14,,594933,174,4.54s,17.30ms,13.79us,17.31ms,52.92us,17.28ms,17.70ms
imported/sherlock/holmes-cochar-watson,count-spans,0.1.0 (rev b2eef23d05),rust/regex/pikevm,0.4.14,,594933,224,4.58s,13.35ms,11.98us,13.45ms,284.03us,13.32ms,15.19ms
imported/sherlock/holmes-cochar-watson,count-spans,0.1.0 (rev b2eef23d05),rust/regex/pikevm/accEmptyStates,0.4.14,,594933,222,4.53s,13.36ms,18.81us,13.56ms,363.51us,13.32ms,14.71ms
imported/sherlock/holmes-cochar-watson,count-spans,0.1.0 (rev b2eef23d05),rust/regex/pikevm/accOneAhead,0.4.14,,594933,198,4.54s,15.21ms,13.90us,15.23ms,48.95us,15.19ms,15.62ms
imported/sherlock/holmes-coword-watson,count-spans,0.1.0 (rev b2eef23d05),rust/regex/pikevm,0.4.14,,594933,51,4.56s,59.17ms,496.42us,59.05ms,639.24us,58.18ms,60.33ms
imported/sherlock/holmes-coword-watson,count-spans,0.1.0 (rev b2eef23d05),rust/regex/pikevm/accEmptyStates,0.4.14,,594933,52,4.59s,58.09ms,54.23us,58.45ms,555.49us,58.00ms,59.77ms
imported/sherlock/holmes-coword-watson,count-spans,0.1.0 (rev b2eef23d05),rust/regex/pikevm/accOneAhead,0.4.14,,594933,51,4.62s,59.97ms,189.04us,59.96ms,298.03us,59.27ms,60.81ms
imported/sherlock/quotes,count-spans,0.1.0 (rev b2eef23d05),rust/regex/pikevm,0.4.14,,594933,250,4.54s,12.10ms,142.06us,12.05ms,243.33us,11.50ms,12.47ms
imported/sherlock/quotes,count-spans,0.1.0 (rev b2eef23d05),rust/regex/pikevm/accEmptyStates,0.4.14,,594933,250,4.57s,12.12ms,203.81us,12.03ms,296.71us,11.53ms,12.58ms
imported/sherlock/quotes,count-spans,0.1.0 (rev b2eef23d05),rust/regex/pikevm/accOneAhead,0.4.14,,594933,245,4.54s,12.14ms,17.46us,12.26ms,217.03us,12.11ms,13.13ms
imported/sherlock/line-boundary-sherlock-holmes,count-spans,0.1.0 (rev b2eef23d05),rust/regex/pikevm,0.4.14,,594933,44835,4.57s,65.42us,1.08us,66.84us,3.63us,63.92us,124.88us
imported/sherlock/line-boundary-sherlock-holmes,count-spans,0.1.0 (rev b2eef23d05),rust/regex/pikevm/accEmptyStates,0.4.14,,594933,44502,4.58s,65.62us,1.29us,67.34us,3.92us,64.00us,128.04us
imported/sherlock/line-boundary-sherlock-holmes,count-spans,0.1.0 (rev b2eef23d05),rust/regex/pikevm/accOneAhead,0.4.14,,594933,67936,4.59s,43.42us,625.00ns,44.09us,2.61us,42.58us,92.75us
imported/sherlock/word-ending-n,count-spans,0.1.0 (rev b2eef23d05),rust/regex/pikevm,0.4.14,,594933,171,4.52s,17.32ms,44.29us,17.56ms,387.78us,17.26ms,18.69ms
imported/sherlock/word-ending-n,count-spans,0.1.0 (rev b2eef23d05),rust/regex/pikevm/accEmptyStates,0.4.14,,594933,171,4.54s,17.21ms,132.54us,17.60ms,523.37us,17.03ms,19.13ms
imported/sherlock/word-ending-n,count-spans,0.1.0 (rev b2eef23d05),rust/regex/pikevm/accOneAhead,0.4.14,,594933,170,4.57s,17.53ms,29.81us,17.68ms,314.78us,17.49ms,18.81ms
imported/sherlock/repeated-class-negation,count-spans,0.1.0 (rev b2eef23d05),rust/regex/pikevm,0.4.14,,594933,80,4.56s,37.70ms,20.06us,37.72ms,83.42us,37.64ms,38.15ms
imported/sherlock/repeated-class-negation,count-spans,0.1.0 (rev b2eef23d05),rust/regex/pikevm/accEmptyStates,0.4.14,,594933,78,4.60s,38.48ms,183.52us,38.52ms,329.71us,37.71ms,39.25ms
imported/sherlock/repeated-class-negation,count-spans,0.1.0 (rev b2eef23d05),rust/regex/pikevm/accOneAhead,0.4.14,,594933,79,4.59s,38.42ms,30.58us,38.44ms,113.02us,38.30ms,39.00ms
imported/sherlock/ing-suffix,count-spans,0.1.0 (rev b2eef23d05),rust/regex/pikevm,0.4.14,,594933,194,4.53s,15.58ms,211.25us,15.51ms,369.71us,14.86ms,16.47ms
imported/sherlock/ing-suffix,count-spans,0.1.0 (rev b2eef23d05),rust/regex/pikevm/accEmptyStates,0.4.14,,594933,195,4.58s,15.59ms,189.21us,15.46ms,394.26us,14.78ms,16.08ms
imported/sherlock/ing-suffix,count-spans,0.1.0 (rev b2eef23d05),rust/regex/pikevm/accOneAhead,0.4.14,,594933,196,4.52s,15.23ms,32.94us,15.33ms,186.70us,15.19ms,15.94ms
imported/sherlock/ing-suffix-limited-space,count-spans,0.1.0 (rev b2eef23d05),rust/regex/pikevm,0.4.14,,594933,155,4.58s,19.33ms,23.17us,19.42ms,235.12us,19.29ms,20.46ms
imported/sherlock/ing-suffix-limited-space,count-spans,0.1.0 (rev b2eef23d05),rust/regex/pikevm/accEmptyStates,0.4.14,,594933,155,4.55s,19.32ms,14.87us,19.37ms,183.93us,19.29ms,20.49ms
imported/sherlock/ing-suffix-limited-space,count-spans,0.1.0 (rev b2eef23d05),rust/regex/pikevm/accOneAhead,0.4.14,,594933,151,4.56s,19.84ms,28.79us,19.94ms,242.08us,19.80ms,21.15ms
opt/accelerate/whole-line,grep,0.1.0 (rev b2eef23d05),rust/regex/pikevm,0.4.14,,7384531,18,4.71s,176.26ms,387.77us,176.06ms,835.62us,174.17ms,178.11ms
opt/accelerate/whole-line,grep,0.1.0 (rev b2eef23d05),rust/regex/pikevm/accEmptyStates,0.4.14,,7384531,17,4.53s,177.16ms,330.79us,176.48ms,2.39ms,168.18ms,178.42ms
opt/accelerate/whole-line,grep,0.1.0 (rev b2eef23d05),rust/regex/pikevm/accOneAhead,0.4.14,,7384531,19,4.84s,163.10ms,207.21us,165.79ms,5.29ms,162.85ms,178.17ms
opt/accelerate/non-dna,count-spans,0.1.0 (rev b2eef23d05),rust/regex/pikevm,0.4.14,,1016745,128,4.54s,23.21ms,25.75us,23.47ms,503.76us,23.17ms,24.99ms
opt/accelerate/non-dna,count-spans,0.1.0 (rev b2eef23d05),rust/regex/pikevm/accEmptyStates,0.4.14,,1016745,123,4.53s,24.53ms,214.88us,24.44ms,452.61us,23.20ms,25.16ms
opt/accelerate/non-dna,count-spans,0.1.0 (rev b2eef23d05),rust/regex/pikevm/accOneAhead,0.4.14,,1016745,113,4.58s,26.51ms,42.00us,26.60ms,221.14us,26.44ms,27.99ms
opt/backtrack/words-english,grep-captures,0.1.0 (rev b2eef23d05),rust/regex/pikevm,0.4.14,,613357,114,4.55s,26.36ms,141.85us,26.38ms,228.53us,26.08ms,27.11ms
opt/backtrack/words-english,grep-captures,0.1.0 (rev b2eef23d05),rust/regex/pikevm/accEmptyStates,0.4.14,,613357,114,4.55s,26.50ms,146.31us,26.52ms,260.69us,26.02ms,27.33ms
opt/backtrack/words-english,grep-captures,0.1.0 (rev b2eef23d05),rust/regex/pikevm/accOneAhead,0.4.14,,613357,116,4.58s,26.06ms,159.08us,26.07ms,212.54us,25.77ms,26.66ms
opt/backtrack/words-russian,grep-captures,0.1.0 (rev b2eef23d05),rust/regex/pikevm,0.4.14,,613423,107,4.55s,28.11ms,20.04us,28.13ms,64.06us,28.06ms,28.47ms
opt/backtrack/words-russian,grep-captures,0.1.0 (rev b2eef23d05),rust/regex/pikevm/accEmptyStates,0.4.14,,613423,107,4.56s,28.15ms,25.25us,28.17ms,80.66us,28.11ms,28.69ms
opt/backtrack/words-russian,grep-captures,0.1.0 (rev b2eef23d05),rust/regex/pikevm/accOneAhead,0.4.14,,613423,107,4.54s,28.05ms,22.54us,28.07ms,90.67us,28.01ms,28.63ms
opt/fixed-length/too-small-ascii,count,0.1.0 (rev b2eef23d05),rust/regex/pikevm,0.4.14,,6,1000000,1.31s,292.00ns,1.00ns,311.00ns,113.00ns,208.00ns,26.79us
opt/fixed-length/too-small-ascii,count,0.1.0 (rev b2eef23d05),rust/regex/pikevm/accEmptyStates,0.4.14,,6,1000000,1.28s,292.00ns,1.00ns,310.00ns,71.00ns,208.00ns,28.88us
opt/fixed-length/too-small-ascii,count,0.1.0 (rev b2eef23d05),rust/regex/pikevm/accOneAhead,0.4.14,,6,1000000,1.29s,333.00ns,1.00ns,314.00ns,58.00ns,208.00ns,28.04us
opt/fixed-length/too-small-unicode,count,0.1.0 (rev b2eef23d05),rust/regex/pikevm,0.4.14,,36,1000000,4.35s,2.17us,1.00ns,2.17us,335.00ns,2.04us,48.79us
opt/fixed-length/too-small-unicode,count,0.1.0 (rev b2eef23d05),rust/regex/pikevm/accEmptyStates,0.4.14,,36,1000000,4.33s,2.12us,0.00ns,2.14us,243.00ns,2.00us,51.58us
opt/fixed-length/too-small-unicode,count,0.1.0 (rev b2eef23d05),rust/regex/pikevm/accOneAhead,0.4.14,,36,1000000,4.34s,2.17us,1.00ns,2.18us,275.00ns,2.04us,39.00us
opt/fixed-length/too-big-ascii,count,0.1.0 (rev b2eef23d05),rust/regex/pikevm,0.4.14,,52,1000000,1.49s,375.00ns,0.00ns,396.00ns,121.00ns,291.00ns,27.58us
opt/fixed-length/too-big-ascii,count,0.1.0 (rev b2eef23d05),rust/regex/pikevm/accEmptyStates,0.4.14,,52,1000000,1.45s,375.00ns,0.00ns,389.00ns,134.00ns,250.00ns,31.92us
opt/fixed-length/too-big-ascii,count,0.1.0 (rev b2eef23d05),rust/regex/pikevm/accOneAhead,0.4.14,,52,1000000,1.50s,417.00ns,1.00ns,414.00ns,224.00ns,291.00ns,32.38us
opt/fixed-length/too-big-unicode,count,0.1.0 (rev b2eef23d05),rust/regex/pikevm,0.4.14,,44,1000000,2.05s,708.00ns,1.00ns,697.00ns,102.00ns,583.00ns,28.04us
opt/fixed-length/too-big-unicode,count,0.1.0 (rev b2eef23d05),rust/regex/pikevm/accEmptyStates,0.4.14,,44,1000000,2.10s,708.00ns,0.00ns,705.00ns,165.00ns,583.00ns,27.12us
opt/fixed-length/too-big-unicode,count,0.1.0 (rev b2eef23d05),rust/regex/pikevm/accOneAhead,0.4.14,,44,1000000,2.09s,709.00ns,1.00ns,725.00ns,177.00ns,625.00ns,30.33us
opt/fixed-length/go33484-1,count,0.1.0 (rev b2eef23d05),rust/regex/pikevm,0.4.14,,10000,1000000,912.41ms,125.00ns,0.00ns,115.00ns,80.00ns,1.00ns,23.58us
opt/fixed-length/go33484-1,count,0.1.0 (rev b2eef23d05),rust/regex/pikevm/accEmptyStates,0.4.14,,10000,1000000,926.35ms,125.00ns,0.00ns,113.00ns,55.00ns,1.00ns,27.21us
opt/fixed-length/go33484-1,count,0.1.0 (rev b2eef23d05),rust/regex/pikevm/accOneAhead,0.4.14,,10000,1000000,917.75ms,125.00ns,0.00ns,115.00ns,82.00ns,1.00ns,26.54us
opt/fixed-length/go33484-2,count,0.1.0 (rev b2eef23d05),rust/regex/pikevm,0.4.14,,10000,1000000,925.28ms,125.00ns,0.00ns,115.00ns,46.00ns,1.00ns,27.42us
opt/fixed-length/go33484-2,count,0.1.0 (rev b2eef23d05),rust/regex/pikevm/accEmptyStates,0.4.14,,10000,1000000,912.35ms,125.00ns,0.00ns,117.00ns,110.00ns,1.00ns,26.42us
opt/fixed-length/go33484-2,count,0.1.0 (rev b2eef23d05),rust/regex/pikevm/accOneAhead,0.4.14,,10000,1000000,879.79ms,125.00ns,0.00ns,116.00ns,90.00ns,1.00ns,26.25us
opt/fixed-length/go33484-3,count,0.1.0 (rev b2eef23d05),rust/regex/pikevm,0.4.14,,1000,1000000,4.87s,2.67us,166.00ns,2.73us,433.00ns,2.42us,41.62us
opt/fixed-length/go33484-3,count,0.1.0 (rev b2eef23d05),rust/regex/pikevm/accEmptyStates,0.4.14,,1000,1000000,4.73s,2.54us,1.00ns,2.58us,311.00ns,2.42us,38.21us
opt/fixed-length/go33484-3,count,0.1.0 (rev b2eef23d05),rust/regex/pikevm/accOneAhead,0.4.14,,1000,1000000,5.00s,2.75us,84.00ns,2.84us,528.00ns,2.58us,48.75us
opt/literal-alt/one-pattern,count,0.1.0 (rev b2eef23d05),rust/regex/pikevm,0.4.14,,123,620377,4.87s,4.71us,42.00ns,4.78us,535.00ns,4.50us,45.29us
opt/literal-alt/one-pattern,count,0.1.0 (rev b2eef23d05),rust/regex/pikevm/accEmptyStates,0.4.14,,123,633897,4.92s,4.67us,41.00ns,4.67us,395.00ns,4.54us,45.25us
opt/literal-alt/one-pattern,count,0.1.0 (rev b2eef23d05),rust/regex/pikevm/accOneAhead,0.4.14,,123,612168,4.91s,4.83us,1.00ns,4.85us,326.00ns,4.67us,51.33us
opt/literal-alt/pattern-per-word,count,0.1.0 (rev b2eef23d05),rust/regex/pikevm,0.4.14,,123,90,4.94s,33.55ms,55.75us,33.58ms,196.45us,33.42ms,34.98ms
opt/literal-alt/pattern-per-word,count,0.1.0 (rev b2eef23d05),rust/regex/pikevm/accEmptyStates,0.4.14,,123,90,4.93s,33.56ms,63.27us,33.67ms,313.94us,33.42ms,34.90ms
opt/literal-alt/pattern-per-word,count,0.1.0 (rev b2eef23d05),rust/regex/pikevm/accOneAhead,0.4.14,,123,1645,4.88s,1.81ms,7.88us,1.82ms,34.92us,1.79ms,2.06ms
opt/nfa-sparse/small-repeated-class-bytes,count,0.1.0 (rev b2eef23d05),rust/regex/pikevm,0.4.14,,96004,31,4.67s,97.18ms,39.29us,97.26ms,296.59us,97.09ms,98.64ms
opt/nfa-sparse/small-repeated-class-bytes,count,0.1.0 (rev b2eef23d05),rust/regex/pikevm/accEmptyStates,0.4.14,,96004,31,4.67s,97.11ms,112.25us,98.11ms,1.61ms,96.88ms,101.50ms
opt/nfa-sparse/small-repeated-class-bytes,count,0.1.0 (rev b2eef23d05),rust/regex/pikevm/accOneAhead,0.4.14,,96004,31,4.67s,99.90ms,690.17us,99.20ms,1.38ms,97.13ms,101.26ms
opt/nfa-sparse/small-repeated-class-unicode,count,0.1.0 (rev b2eef23d05),rust/regex/pikevm,0.4.14,,96004,30,4.65s,100.90ms,1.44ms,100.84ms,2.64ms,97.17ms,106.80ms
opt/nfa-sparse/small-repeated-class-unicode,count,0.1.0 (rev b2eef23d05),rust/regex/pikevm/accEmptyStates,0.4.14,,96004,31,4.61s,97.04ms,58.17us,97.50ms,1.03ms,96.90ms,100.25ms
opt/nfa-sparse/small-repeated-class-unicode,count,0.1.0 (rev b2eef23d05),rust/regex/pikevm/accOneAhead,0.4.14,,96004,31,4.63s,97.24ms,65.12us,97.26ms,129.95us,97.07ms,97.69ms
opt/onepass/fn-predicate,grep-captures,0.1.0 (rev b2eef23d05),rust/regex/pikevm,0.4.14,,7384531,70,4.60s,43.18ms,74.12us,43.36ms,821.71us,42.90ms,47.12ms
opt/onepass/fn-predicate,grep-captures,0.1.0 (rev b2eef23d05),rust/regex/pikevm/accEmptyStates,0.4.14,,7384531,70,4.62s,43.38ms,108.48us,43.44ms,313.57us,43.18ms,45.46ms
opt/onepass/fn-predicate,grep-captures,0.1.0 (rev b2eef23d05),rust/regex/pikevm/accOneAhead,0.4.14,,7384531,65,4.62s,47.66ms,286.29us,46.82ms,1.66ms,43.90ms,48.79ms
opt/onepass/first-three-words-english,grep-captures,0.1.0 (rev b2eef23d05),rust/regex/pikevm,0.4.14,,613357,465,4.55s,6.45ms,169.04us,6.45ms,213.80us,6.08ms,7.05ms
opt/onepass/first-three-words-english,grep-captures,0.1.0 (rev b2eef23d05),rust/regex/pikevm/accEmptyStates,0.4.14,,613357,457,4.51s,6.43ms,26.62us,6.57ms,213.05us,6.40ms,7.11ms
opt/onepass/first-three-words-english,grep-captures,0.1.0 (rev b2eef23d05),rust/regex/pikevm/accOneAhead,0.4.14,,613357,452,4.52s,6.59ms,148.42us,6.64ms,217.73us,6.42ms,7.22ms
opt/onepass/first-three-words-russian,grep-captures,0.1.0 (rev b2eef23d05),rust/regex/pikevm,0.4.14,,613423,568,4.54s,5.19ms,13.46us,5.29ms,189.23us,5.16ms,5.91ms
opt/onepass/first-three-words-russian,grep-captures,0.1.0 (rev b2eef23d05),rust/regex/pikevm/accEmptyStates,0.4.14,,613423,559,4.56s,5.26ms,12.92us,5.38ms,194.70us,5.23ms,5.93ms
opt/onepass/first-three-words-russian,grep-captures,0.1.0 (rev b2eef23d05),rust/regex/pikevm/accOneAhead,0.4.14,,613423,556,4.52s,5.42ms,182.75us,5.40ms,216.01us,5.08ms,5.96ms
opt/onepass/word-boundary-english,grep-captures,0.1.0 (rev b2eef23d05),rust/regex/pikevm,0.4.14,,613357,1341,4.52s,2.22ms,12.25us,2.24ms,64.94us,2.20ms,2.54ms
opt/onepass/word-boundary-english,grep-captures,0.1.0 (rev b2eef23d05),rust/regex/pikevm/accEmptyStates,0.4.14,,613357,1337,4.56s,2.24ms,5.00us,2.24ms,16.01us,2.23ms,2.54ms
opt/onepass/word-boundary-english,grep-captures,0.1.0 (rev b2eef23d05),rust/regex/pikevm/accOneAhead,0.4.14,,613357,1317,4.51s,2.27ms,4.88us,2.28ms,15.90us,2.27ms,2.56ms
opt/onepass/word-boundary-russian,grep-captures,0.1.0 (rev b2eef23d05),rust/regex/pikevm,0.4.14,,613423,1584,4.52s,1.88ms,62.15us,1.89ms,86.64us,1.79ms,2.09ms
opt/onepass/word-boundary-russian,grep-captures,0.1.0 (rev b2eef23d05),rust/regex/pikevm/accEmptyStates,0.4.14,,613423,1633,4.52s,1.83ms,2.46us,1.84ms,23.39us,1.83ms,2.13ms
opt/onepass/word-boundary-russian,grep-captures,0.1.0 (rev b2eef23d05),rust/regex/pikevm/accOneAhead,0.4.14,,613423,1551,4.53s,1.91ms,39.83us,1.93ms,69.78us,1.86ms,2.17ms
opt/prefilter/literal-english,count,0.1.0 (rev b2eef23d05),rust/regex/pikevm,0.4.14,,613357,140359,4.61s,20.75us,125.00ns,21.30us,1.49us,20.50us,86.25us
opt/prefilter/literal-english,count,0.1.0 (rev b2eef23d05),rust/regex/pikevm/accEmptyStates,0.4.14,,613357,144255,4.64s,20.67us,42.00ns,20.72us,860.00ns,20.50us,85.58us
opt/prefilter/literal-english,count,0.1.0 (rev b2eef23d05),rust/regex/pikevm/accOneAhead,0.4.14,,613357,141519,4.64s,20.58us,43.00ns,21.13us,1.35us,20.46us,80.67us
opt/prefilter/literal-casei-english,count,0.1.0 (rev b2eef23d05),rust/regex/pikevm,0.4.14,,613357,44120,4.59s,67.67us,41.00ns,67.93us,1.79us,67.58us,122.58us
opt/prefilter/literal-casei-english,count,0.1.0 (rev b2eef23d05),rust/regex/pikevm/accEmptyStates,0.4.14,,613357,44144,4.54s,67.67us,41.00ns,67.90us,1.69us,67.54us,121.75us
opt/prefilter/literal-casei-english,count,0.1.0 (rev b2eef23d05),rust/regex/pikevm/accOneAhead,0.4.14,,613357,44210,4.56s,67.58us,41.00ns,67.79us,1.61us,67.42us,119.17us
opt/prefilter/literal-russian,count,0.1.0 (rev b2eef23d05),rust/regex/pikevm,0.4.14,,613423,139538,4.62s,20.96us,84.00ns,21.43us,1.41us,20.75us,74.58us
opt/prefilter/literal-russian,count,0.1.0 (rev b2eef23d05),rust/regex/pikevm/accEmptyStates,0.4.14,,613423,137152,4.62s,21.29us,417.00ns,21.80us,1.65us,20.75us,84.38us
opt/prefilter/literal-russian,count,0.1.0 (rev b2eef23d05),rust/regex/pikevm/accOneAhead,0.4.14,,613423,143661,4.61s,20.62us,42.00ns,20.82us,0.97us,20.46us,74.88us
opt/prefilter/literal-casei-russian,count,0.1.0 (rev b2eef23d05),rust/regex/pikevm,0.4.14,,613423,22971,4.56s,130.04us,42.00ns,130.54us,2.50us,129.83us,188.25us
opt/prefilter/literal-casei-russian,count,0.1.0 (rev b2eef23d05),rust/regex/pikevm/accEmptyStates,0.4.14,,613423,22925,4.53s,130.29us,83.00ns,130.81us,2.64us,130.04us,196.04us
opt/prefilter/literal-casei-russian,count,0.1.0 (rev b2eef23d05),rust/regex/pikevm/accOneAhead,0.4.14,,613423,27326,4.57s,109.50us,209.00ns,109.73us,2.19us,108.67us,183.42us
opt/prefilter/rust-functions,count-captures,0.1.0 (rev b2eef23d05),rust/regex/pikevm,0.4.14,,7384531,1048,4.51s,2.83ms,49.19us,2.86ms,98.16us,2.76ms,3.25ms
opt/prefilter/rust-functions,count-captures,0.1.0 (rev b2eef23d05),rust/regex/pikevm/accEmptyStates,0.4.14,,7384531,1084,4.56s,2.74ms,6.06us,2.77ms,72.17us,2.73ms,3.15ms
opt/prefilter/rust-functions,count-captures,0.1.0 (rev b2eef23d05),rust/regex/pikevm/accOneAhead,0.4.14,,7384531,1627,4.57s,1.82ms,32.33us,1.84ms,66.74us,1.78ms,2.29ms
opt/reverse-anchored/word-end,count-spans,0.1.0 (rev b2eef23d05),rust/regex/pikevm,0.4.14,,1000001,226,4.56s,13.15ms,12.29us,13.29ms,390.66us,13.13ms,14.93ms
opt/reverse-anchored/word-end,count-spans,0.1.0 (rev b2eef23d05),rust/regex/pikevm/accEmptyStates,0.4.14,,1000001,216,4.55s,14.20ms,359.38us,13.92ms,643.06us,13.07ms,14.90ms
opt/reverse-anchored/word-end,count-spans,0.1.0 (rev b2eef23d05),rust/regex/pikevm/accOneAhead,0.4.14,,1000001,218,4.54s,13.70ms,14.19us,13.76ms,215.20us,13.68ms,14.91ms
opt/reverse-inner/holmes,count-spans,0.1.0 (rev b2eef23d05),rust/regex/pikevm,0.4.14,,594933,173,4.53s,16.98ms,53.37us,17.38ms,546.31us,16.92ms,18.52ms
opt/reverse-inner/holmes,count-spans,0.1.0 (rev b2eef23d05),rust/regex/pikevm/accEmptyStates,0.4.14,,594933,170,4.52s,17.89ms,191.42us,17.70ms,480.10us,16.84ms,18.39ms
opt/reverse-inner/holmes,count-spans,0.1.0 (rev b2eef23d05),rust/regex/pikevm/accOneAhead,0.4.14,,594933,172,4.55s,17.31ms,18.92us,17.44ms,332.40us,17.28ms,18.58ms
opt/reverse-inner/email,count-spans,0.1.0 (rev b2eef23d05),rust/regex/pikevm,0.4.14,,7384531,18,4.74s,176.79ms,925.67us,176.32ms,1.76ms,171.20ms,178.30ms
opt/reverse-inner/email,count-spans,0.1.0 (rev b2eef23d05),rust/regex/pikevm/accEmptyStates,0.4.14,,7384531,18,4.62s,164.94ms,312.96us,167.47ms,4.48ms,164.46ms,176.09ms
opt/reverse-inner/email,count-spans,0.1.0 (rev b2eef23d05),rust/regex/pikevm/accOneAhead,0.4.14,,7384531,18,4.74s,171.70ms,436.33us,175.03ms,4.12ms,171.14ms,181.00ms
opt/reverse-inner/factored-prefix,count-spans,0.1.0 (rev b2eef23d05),rust/regex/pikevm,0.4.14,,594933,156,4.56s,19.32ms,14.92us,19.33ms,50.32us,19.29ms,19.74ms
opt/reverse-inner/factored-prefix,count-spans,0.1.0 (rev b2eef23d05),rust/regex/pikevm/accEmptyStates,0.4.14,,594933,154,4.56s,19.20ms,41.44us,19.58ms,549.11us,19.14ms,20.76ms
opt/reverse-inner/factored-prefix,count-spans,0.1.0 (rev b2eef23d05),rust/regex/pikevm/accOneAhead,0.4.14,,594933,152,4.52s,19.62ms,19.23us,19.76ms,333.69us,19.59ms,20.99ms
opt/reverse-inner/no-quadratic-backward,count-spans,0.1.0 (rev b2eef23d05),rust/regex/pikevm,0.4.14,,8000,26747,4.55s,110.17us,5.46us,112.08us,7.30us,104.58us,171.46us
opt/reverse-inner/no-quadratic-backward,count-spans,0.1.0 (rev b2eef23d05),rust/regex/pikevm/accEmptyStates,0.4.14,,8000,27197,4.56s,106.04us,1.67us,110.23us,7.33us,104.33us,178.83us
opt/reverse-inner/no-quadratic-backward,count-spans,0.1.0 (rev b2eef23d05),rust/regex/pikevm/accOneAhead,0.4.14,,8000,27285,4.54s,109.50us,41.00ns,109.87us,2.17us,109.38us,176.83us
opt/reverse-inner/no-quadratic-forward,count-spans,0.1.0 (rev b2eef23d05),rust/regex/pikevm,0.4.14,,8000,8999,4.56s,325.42us,125.00ns,333.28us,15.47us,325.17us,430.12us
opt/reverse-inner/no-quadratic-forward,count-spans,0.1.0 (rev b2eef23d05),rust/regex/pikevm/accEmptyStates,0.4.14,,8000,9128,4.56s,325.17us,84.00ns,328.57us,9.31us,324.92us,414.33us
opt/reverse-inner/no-quadratic-forward,count-spans,0.1.0 (rev b2eef23d05),rust/regex/pikevm/accOneAhead,0.4.14,,8000,8615,4.56s,342.88us,208.00ns,348.18us,11.55us,342.42us,430.50us
opt/reverse-suffix/holmes,count-spans,0.1.0 (rev b2eef23d05),rust/regex/pikevm,0.4.14,,594933,173,4.53s,17.47ms,333.92us,17.41ms,372.16us,16.93ms,18.22ms
opt/reverse-suffix/holmes,count-spans,0.1.0 (rev b2eef23d05),rust/regex/pikevm/accEmptyStates,0.4.14,,594933,179,4.53s,16.80ms,12.17us,16.82ms,63.55us,16.78ms,17.23ms
opt/reverse-suffix/holmes,count-spans,0.1.0 (rev b2eef23d05),rust/regex/pikevm/accOneAhead,0.4.14,,594933,173,4.58s,17.30ms,21.67us,17.43ms,259.00us,17.27ms,18.23ms
opt/reverse-suffix/no-quadratic,count-spans,0.1.0 (rev b2eef23d05),rust/regex/pikevm,0.4.14,,8000,28521,4.52s,104.75us,41.00ns,105.11us,2.13us,104.62us,172.79us
opt/reverse-suffix/no-quadratic,count-spans,0.1.0 (rev b2eef23d05),rust/regex/pikevm/accEmptyStates,0.4.14,,8000,27533,4.53s,104.50us,125.00ns,108.88us,6.95us,104.33us,165.17us
opt/reverse-suffix/no-quadratic,count-spans,0.1.0 (rev b2eef23d05),rust/regex/pikevm/accOneAhead,0.4.14,,8000,25947,4.53s,111.21us,1.75us,115.53us,7.59us,109.38us,181.33us
reported/i1095-word-repetition/unicode-search,count-spans,0.1.0 (rev b2eef23d05),rust/regex/pikevm,0.4.14,,512,4383,4.59s,683.00us,1.29us,684.53us,5.56us,680.08us,778.17us
reported/i1095-word-repetition/unicode-search,count-spans,0.1.0 (rev b2eef23d05),rust/regex/pikevm/accEmptyStates,0.4.14,,512,4204,4.56s,699.27us,17.94us,713.59us,34.63us,678.96us,832.92us
reported/i1095-word-repetition/unicode-search,count-spans,0.1.0 (rev b2eef23d05),rust/regex/pikevm/accOneAhead,0.4.14,,512,4248,4.54s,704.96us,1.50us,706.30us,5.33us,700.62us,798.58us
reported/i1095-word-repetition/ascii-search,count-spans,0.1.0 (rev b2eef23d05),rust/regex/pikevm,0.4.14,,256,11467,4.55s,260.71us,42.00ns,261.54us,3.33us,260.54us,328.42us
reported/i1095-word-repetition/ascii-search,count-spans,0.1.0 (rev b2eef23d05),rust/regex/pikevm/accEmptyStates,0.4.14,,256,11010,4.56s,265.42us,4.79us,272.41us,13.34us,260.54us,357.25us
reported/i1095-word-repetition/ascii-search,count-spans,0.1.0 (rev b2eef23d05),rust/regex/pikevm/accOneAhead,0.4.14,,256,11055,4.55s,264.88us,4.29us,271.30us,12.58us,260.50us,333.50us
reported/i13-subset-regex/original-ascii,count,0.1.0 (rev b2eef23d05),rust/regex/pikevm,0.4.14,,16013977,3,5.22s,1.03s,0.97ms,1.03s,1.31ms,1.02s,1.03s
reported/i13-subset-regex/original-ascii,count,0.1.0 (rev b2eef23d05),rust/regex/pikevm/accEmptyStates,0.4.14,,16013977,3,5.30s,1.03s,221.29us,1.04s,10.06ms,1.03s,1.05s
reported/i13-subset-regex/original-ascii,count,0.1.0 (rev b2eef23d05),rust/regex/pikevm/accOneAhead,0.4.14,,16013977,3,5.33s,1.05s,138.04us,1.05s,9.43ms,1.05s,1.07s
reported/i13-subset-regex/original-unicode,count,0.1.0 (rev b2eef23d05),rust/regex/pikevm,0.4.14,,16013977,3,5.30s,1.03s,2.99ms,1.03s,5.80ms,1.03s,1.04s
reported/i13-subset-regex/original-unicode,count,0.1.0 (rev b2eef23d05),rust/regex/pikevm/accEmptyStates,0.4.14,,16013977,3,5.30s,1.06s,3.29ms,1.05s,12.00ms,1.03s,1.06s
reported/i13-subset-regex/original-unicode,count,0.1.0 (rev b2eef23d05),rust/regex/pikevm/accOneAhead,0.4.14,,16013977,3,5.31s,1.05s,1.03ms,1.05s,5.05ms,1.05s,1.06s
reported/i13-subset-regex/big-ascii,count,0.1.0 (rev b2eef23d05),rust/regex/pikevm,0.4.14,,16013977,3,6.00s,1.18s,14.46us,1.18s,83.62us,1.18s,1.18s
reported/i13-subset-regex/big-ascii,count,0.1.0 (rev b2eef23d05),rust/regex/pikevm/accEmptyStates,0.4.14,,16013977,3,6.10s,1.21s,6.15ms,1.22s,13.55ms,1.20s,1.24s
reported/i13-subset-regex/big-ascii,count,0.1.0 (rev b2eef23d05),rust/regex/pikevm/accOneAhead,0.4.14,,16013977,3,6.08s,1.21s,7.29ms,1.21s,7.34ms,1.20s,1.22s
reported/i13-subset-regex/big-unicode,count,0.1.0 (rev b2eef23d05),rust/regex/pikevm,0.4.14,,16013977,3,6.06s,1.18s,492.71us,1.19s,12.03ms,1.18s,1.21s
reported/i13-subset-regex/big-unicode,count,0.1.0 (rev b2eef23d05),rust/regex/pikevm/accEmptyStates,0.4.14,,16013977,3,6.04s,1.21s,7.18ms,1.21s,12.77ms,1.19s,1.22s
reported/i13-subset-regex/big-unicode,count,0.1.0 (rev b2eef23d05),rust/regex/pikevm/accOneAhead,0.4.14,,16013977,3,6.14s,1.22s,3.82ms,1.22s,3.42ms,1.22s,1.23s
reported/i13-subset-regex/huge-ascii,count,0.1.0 (rev b2eef23d05),rust/regex/pikevm,0.4.14,,16013977,3,6.46s,1.29s,5.01ms,1.28s,17.29ms,1.26s,1.29s
reported/i13-subset-regex/huge-ascii,count,0.1.0 (rev b2eef23d05),rust/regex/pikevm/accEmptyStates,0.4.14,,16013977,3,6.33s,1.26s,32.12us,1.26s,284.77us,1.26s,1.26s
reported/i13-subset-regex/huge-ascii,count,0.1.0 (rev b2eef23d05),rust/regex/pikevm/accOneAhead,0.4.14,,16013977,3,6.61s,1.33s,2.57ms,1.31s,22.24ms,1.28s,1.33s
reported/i13-subset-regex/huge-unicode,count,0.1.0 (rev b2eef23d05),rust/regex/pikevm,0.4.14,,16013977,3,6.44s,1.30s,9.42ms,1.29s,20.76ms,1.26s,1.31s
reported/i13-subset-regex/huge-unicode,count,0.1.0 (rev b2eef23d05),rust/regex/pikevm/accEmptyStates,0.4.14,,16013977,3,6.59s,1.31s,2.67ms,1.31s,3.31ms,1.31s,1.32s
reported/i13-subset-regex/huge-unicode,count,0.1.0 (rev b2eef23d05),rust/regex/pikevm/accOneAhead,0.4.14,,16013977,3,6.52s,1.31s,10.74ms,1.30s,17.43ms,1.27s,1.32s
reported/i13-subset-regex/huge-ascii-nosuffixlit,count,0.1.0 (rev b2eef23d05),rust/regex/pikevm,0.4.14,,16013977,3,6.54s,1.30s,3.35ms,1.30s,7.22ms,1.28s,1.30s
reported/i13-subset-regex/huge-ascii-nosuffixlit,count,0.1.0 (rev b2eef23d05),rust/regex/pikevm/accEmptyStates,0.4.14,,16013977,3,6.35s,1.26s,703.88us,1.26s,2.38ms,1.26s,1.26s
reported/i13-subset-regex/huge-ascii-nosuffixlit,count,0.1.0 (rev b2eef23d05),rust/regex/pikevm/accOneAhead,0.4.14,,16013977,3,6.47s,1.28s,0.96ms,1.29s,17.11ms,1.27s,1.31s
reported/i13-subset-regex/huge-unicode-nosuffixlit,count,0.1.0 (rev b2eef23d05),rust/regex/pikevm,0.4.14,,16013977,3,6.40s,1.26s,480.12us,1.26s,6.00ms,1.25s,1.27s
reported/i13-subset-regex/huge-unicode-nosuffixlit,count,0.1.0 (rev b2eef23d05),rust/regex/pikevm/accEmptyStates,0.4.14,,16013977,3,6.46s,1.27s,4.54ms,1.27s,13.11ms,1.26s,1.29s
reported/i13-subset-regex/huge-unicode-nosuffixlit,count,0.1.0 (rev b2eef23d05),rust/regex/pikevm/accOneAhead,0.4.14,,16013977,3,6.53s,1.29s,4.79ms,1.30s,17.39ms,1.29s,1.33s
reported/i787-keywords/ascii,count-spans,0.1.0 (rev b2eef23d05),rust/regex/pikevm,0.4.14,,123141,751,4.52s,3.99ms,4.50us,3.99ms,25.26us,3.98ms,4.39ms
reported/i787-keywords/ascii,count-spans,0.1.0 (rev b2eef23d05),rust/regex/pikevm/accEmptyStates,0.4.14,,123141,752,4.52s,3.98ms,4.17us,3.99ms,24.37us,3.97ms,4.37ms
reported/i787-keywords/ascii,count-spans,0.1.0 (rev b2eef23d05),rust/regex/pikevm/accOneAhead,0.4.14,,123141,955,4.55s,3.14ms,3.83us,3.14ms,20.78us,3.13ms,3.50ms
reported/i787-keywords/unicode,count-spans,0.1.0 (rev b2eef23d05),rust/regex/pikevm,0.4.14,,123141,737,4.56s,4.07ms,4.46us,4.07ms,23.14us,4.06ms,4.42ms
reported/i787-keywords/unicode,count-spans,0.1.0 (rev b2eef23d05),rust/regex/pikevm/accEmptyStates,0.4.14,,123141,736,4.57s,4.07ms,4.75us,4.08ms,24.93us,4.06ms,4.46ms
reported/i787-keywords/unicode,count-spans,0.1.0 (rev b2eef23d05),rust/regex/pikevm/accOneAhead,0.4.14,,123141,939,4.56s,3.19ms,3.75us,3.20ms,21.04us,3.18ms,3.53ms
reported/i787-keywords/opt-ascii,count-spans,0.1.0 (rev b2eef23d05),rust/regex/pikevm,0.4.14,,123141,2410,4.54s,1.24ms,2.12us,1.24ms,9.43us,1.24ms,1.41ms
reported/i787-keywords/opt-ascii,count-spans,0.1.0 (rev b2eef23d05),rust/regex/pikevm/accEmptyStates,0.4.14,,123141,2412,4.51s,1.24ms,2.38us,1.24ms,10.37us,1.24ms,1.42ms
reported/i787-keywords/opt-ascii,count-spans,0.1.0 (rev b2eef23d05),rust/regex/pikevm/accOneAhead,0.4.14,,123141,3037,4.55s,0.99ms,1.62us,0.99ms,9.59us,0.98ms,1.18ms
reported/i787-keywords/opt-unicode,count-spans,0.1.0 (rev b2eef23d05),rust/regex/pikevm,0.4.14,,123141,2230,4.52s,1.34ms,2.29us,1.35ms,12.18us,1.34ms,1.54ms
reported/i787-keywords/opt-unicode,count-spans,0.1.0 (rev b2eef23d05),rust/regex/pikevm/accEmptyStates,0.4.14,,123141,2239,4.56s,1.34ms,2.42us,1.34ms,13.12us,1.33ms,1.60ms
reported/i787-keywords/opt-unicode,count-spans,0.1.0 (rev b2eef23d05),rust/regex/pikevm/accOneAhead,0.4.14,,123141,2842,4.53s,1.05ms,2.04us,1.06ms,8.36us,1.05ms,1.26ms
slow/quadratic-regex-1x,count,0.1.0 (rev b2eef23d05),rust/regex/pikevm,0.4.14,,99,839,4.51s,3.54ms,5.38us,3.58ms,86.09us,3.53ms,4.07ms
slow/quadratic-regex-1x,count,0.1.0 (rev b2eef23d05),rust/regex/pikevm/accEmptyStates,0.4.14,,99,847,4.53s,3.54ms,4.04us,3.55ms,21.46us,3.53ms,3.96ms
slow/quadratic-regex-1x,count,0.1.0 (rev b2eef23d05),rust/regex/pikevm/accOneAhead,0.4.14,,99,853,4.51s,3.51ms,118.25us,3.52ms,146.05us,3.33ms,3.90ms
slow/quadratic-regex-2x,count,0.1.0 (rev b2eef23d05),rust/regex/pikevm,0.4.14,,198,109,4.54s,27.61ms,24.75us,27.63ms,79.23us,27.56ms,28.10ms
slow/quadratic-regex-2x,count,0.1.0 (rev b2eef23d05),rust/regex/pikevm/accEmptyStates,0.4.14,,198,106,4.57s,28.66ms,441.92us,28.37ms,613.69us,27.59ms,29.48ms
slow/quadratic-regex-2x,count,0.1.0 (rev b2eef23d05),rust/regex/pikevm/accOneAhead,0.4.14,,198,115,4.53s,25.95ms,23.42us,26.10ms,549.91us,25.90ms,29.16ms
slow/quadratic-haystack-1x,count,0.1.0 (rev b2eef23d05),rust/regex/pikevm,0.4.14,,100,28668,4.56s,102.00us,83.00ns,104.57us,5.24us,101.75us,156.08us
slow/quadratic-haystack-1x,count,0.1.0 (rev b2eef23d05),rust/regex/pikevm/accEmptyStates,0.4.14,,100,28663,4.57s,101.88us,125.00ns,104.60us,5.38us,101.62us,164.29us
slow/quadratic-haystack-1x,count,0.1.0 (rev b2eef23d05),rust/regex/pikevm/accOneAhead,0.4.14,,100,27361,4.55s,108.42us,42.00ns,109.57us,3.67us,108.25us,162.67us
slow/quadratic-haystack-2x,count,0.1.0 (rev b2eef23d05),rust/regex/pikevm,0.4.14,,200,7301,4.54s,397.00us,8.75us,410.81us,35.09us,388.00us,1.57ms
slow/quadratic-haystack-2x,count,0.1.0 (rev b2eef23d05),rust/regex/pikevm/accEmptyStates,0.4.14,,200,7236,4.53s,408.25us,20.29us,414.56us,25.35us,387.79us,531.33us
slow/quadratic-haystack-2x,count,0.1.0 (rev b2eef23d05),rust/regex/pikevm/accOneAhead,0.4.14,,200,7186,4.55s,414.67us,125.00ns,417.40us,8.82us,414.38us,506.67us
test/dot/default-new-line,count,0.1.0 (rev b2eef23d05),rust/regex/pikevm,0.4.14,,1,1000000,787.60ms,42.00ns,1.00ns,61.00ns,43.00ns,1.00ns,27.33us
test/dot/default-new-line,count,0.1.0 (rev b2eef23d05),rust/regex/pikevm/accEmptyStates,0.4.14,,1,1000000,765.84ms,42.00ns,1.00ns,62.00ns,49.00ns,1.00ns,25.75us
test/dot/default-new-line,count,0.1.0 (rev b2eef23d05),rust/regex/pikevm/accOneAhead,0.4.14,,1,1000000,771.95ms,42.00ns,1.00ns,61.00ns,28.00ns,1.00ns,12.88us
test/dot/default-carriage-return,count,0.1.0 (rev b2eef23d05),rust/regex/pikevm,0.4.14,,1,1000000,896.33ms,84.00ns,1.00ns,102.00ns,72.00ns,1.00ns,24.88us
test/dot/default-carriage-return,count,0.1.0 (rev b2eef23d05),rust/regex/pikevm/accEmptyStates,0.4.14,,1,1000000,840.52ms,84.00ns,1.00ns,102.00ns,93.00ns,1.00ns,26.46us
test/dot/default-carriage-return,count,0.1.0 (rev b2eef23d05),rust/regex/pikevm/accOneAhead,0.4.14,,1,1000000,898.04ms,125.00ns,0.00ns,107.00ns,83.00ns,1.00ns,26.42us
test/dot/dotall-new-line,count,0.1.0 (rev b2eef23d05),rust/regex/pikevm,0.4.14,,1,1000000,888.59ms,84.00ns,1.00ns,103.00ns,52.00ns,1.00ns,28.58us
test/dot/dotall-new-line,count,0.1.0 (rev b2eef23d05),rust/regex/pikevm/accEmptyStates,0.4.14,,1,1000000,847.16ms,84.00ns,1.00ns,102.00ns,83.00ns,1.00ns,26.88us
test/dot/dotall-new-line,count,0.1.0 (rev b2eef23d05),rust/regex/pikevm/accOneAhead,0.4.14,,1,1000000,882.76ms,84.00ns,1.00ns,98.00ns,46.00ns,1.00ns,27.79us
test/dot/dotall-carriage-return,count,0.1.0 (rev b2eef23d05),rust/regex/pikevm,0.4.14,,1,1000000,907.61ms,84.00ns,1.00ns,102.00ns,55.00ns,1.00ns,24.29us
test/dot/dotall-carriage-return,count,0.1.0 (rev b2eef23d05),rust/regex/pikevm/accEmptyStates,0.4.14,,1,1000000,831.05ms,84.00ns,1.00ns,102.00ns,82.00ns,1.00ns,23.71us
test/dot/dotall-carriage-return,count,0.1.0 (rev b2eef23d05),rust/regex/pikevm/accOneAhead,0.4.14,,1,1000000,846.63ms,84.00ns,1.00ns,98.00ns,27.00ns,1.00ns,10.67us
test/dot/multiline-new-line,count,0.1.0 (rev b2eef23d05),rust/regex/pikevm,0.4.14,,1,1000000,781.29ms,42.00ns,1.00ns,62.00ns,51.00ns,1.00ns,22.25us
test/dot/multiline-new-line,count,0.1.0 (rev b2eef23d05),rust/regex/pikevm/accEmptyStates,0.4.14,,1,1000000,771.94ms,42.00ns,1.00ns,62.00ns,34.00ns,1.00ns,21.12us
test/dot/multiline-new-line,count,0.1.0 (rev b2eef23d05),rust/regex/pikevm/accOneAhead,0.4.14,,1,1000000,782.46ms,42.00ns,1.00ns,61.00ns,48.00ns,1.00ns,26.04us
test/dot/multiline-carriage-return,count,0.1.0 (rev b2eef23d05),rust/regex/pikevm,0.4.14,,1,1000000,909.58ms,84.00ns,1.00ns,101.00ns,76.00ns,1.00ns,26.38us
test/dot/multiline-carriage-return,count,0.1.0 (rev b2eef23d05),rust/regex/pikevm/accEmptyStates,0.4.14,,1,1000000,837.86ms,84.00ns,1.00ns,101.00ns,43.00ns,1.00ns,17.04us
test/dot/multiline-carriage-return,count,0.1.0 (rev b2eef23d05),rust/regex/pikevm/accOneAhead,0.4.14,,1,1000000,849.34ms,125.00ns,0.00ns,107.00ns,51.00ns,1.00ns,19.33us
test/dot/dotall-multiline-new-line,count,0.1.0 (rev b2eef23d05),rust/regex/pikevm,0.4.14,,1,1000000,853.76ms,84.00ns,1.00ns,102.00ns,90.00ns,1.00ns,26.79us
test/dot/dotall-multiline-new-line,count,0.1.0 (rev b2eef23d05),rust/regex/pikevm/accEmptyStates,0.4.14,,1,1000000,907.31ms,84.00ns,1.00ns,104.00ns,86.00ns,1.00ns,26.62us
test/dot/dotall-multiline-new-line,count,0.1.0 (rev b2eef23d05),rust/regex/pikevm/accOneAhead,0.4.14,,1,1000000,857.49ms,84.00ns,1.00ns,99.00ns,87.00ns,1.00ns,26.58us
test/dot/dotall-multiline-carriage-return,count,0.1.0 (rev b2eef23d05),rust/regex/pikevm,0.4.14,,1,1000000,887.33ms,84.00ns,1.00ns,104.00ns,88.00ns,1.00ns,26.50us
test/dot/dotall-multiline-carriage-return,count,0.1.0 (rev b2eef23d05),rust/regex/pikevm/accEmptyStates,0.4.14,,1,1000000,843.63ms,84.00ns,1.00ns,100.00ns,51.00ns,1.00ns,26.33us
test/dot/dotall-multiline-carriage-return,count,0.1.0 (rev b2eef23d05),rust/regex/pikevm/accOneAhead,0.4.14,,1,1000000,794.46ms,84.00ns,1.00ns,99.00ns,51.00ns,1.00ns,22.00us
test/func/leftmost-first,count-spans,0.1.0 (rev b2eef23d05),rust/regex/pikevm,0.4.14,,7,1000000,0.98s,166.00ns,1.00ns,152.00ns,102.00ns,41.00ns,26.00us
test/func/leftmost-first,count-spans,0.1.0 (rev b2eef23d05),rust/regex/pikevm/accEmptyStates,0.4.14,,7,1000000,928.35ms,166.00ns,1.00ns,147.00ns,49.00ns,41.00ns,26.75us
test/func/leftmost-first,count-spans,0.1.0 (rev b2eef23d05),rust/regex/pikevm/accOneAhead,0.4.14,,7,1000000,892.05ms,125.00ns,0.00ns,125.00ns,81.00ns,41.00ns,26.58us
test/func/dollar-only-matches-end,count,0.1.0 (rev b2eef23d05),rust/regex/pikevm,0.4.14,,2,1000000,899.27ms,125.00ns,0.00ns,130.00ns,123.00ns,1.00ns,27.12us
test/func/dollar-only-matches-end,count,0.1.0 (rev b2eef23d05),rust/regex/pikevm/accEmptyStates,0.4.14,,2,1000000,936.90ms,125.00ns,0.00ns,127.00ns,81.00ns,1.00ns,30.21us
test/func/dollar-only-matches-end,count,0.1.0 (rev b2eef23d05),rust/regex/pikevm/accOneAhead,0.4.14,,2,1000000,903.52ms,125.00ns,0.00ns,129.00ns,62.00ns,41.00ns,26.54us
test/func/non-greedy,count,0.1.0 (rev b2eef23d05),rust/regex/pikevm,0.4.14,,3,1000000,1.20s,250.00ns,0.00ns,258.00ns,150.00ns,125.00ns,26.67us
test/func/non-greedy,count,0.1.0 (rev b2eef23d05),rust/regex/pikevm/accEmptyStates,0.4.14,,3,1000000,1.13s,250.00ns,0.00ns,256.00ns,54.00ns,125.00ns,21.46us
test/func/non-greedy,count,0.1.0 (rev b2eef23d05),rust/regex/pikevm/accOneAhead,0.4.14,,3,1000000,1.14s,250.00ns,0.00ns,239.00ns,126.00ns,125.00ns,34.62us
test/model/count,count,0.1.0 (rev b2eef23d05),rust/regex/pikevm,0.4.14,,37,1000000,2.87s,1.08us,41.00ns,1.08us,195.00ns,0.96us,34.00us
test/model/count,count,0.1.0 (rev b2eef23d05),rust/regex/pikevm/accEmptyStates,0.4.14,,37,1000000,2.94s,1.12us,83.00ns,1.15us,254.00ns,0.96us,38.00us
test/model/count,count,0.1.0 (rev b2eef23d05),rust/regex/pikevm/accOneAhead,0.4.14,,37,1000000,2.94s,1.12us,0.00ns,1.12us,144.00ns,1.00us,31.21us
test/model/count-spans,count-spans,0.1.0 (rev b2eef23d05),rust/regex/pikevm,0.4.14,,37,1000000,2.87s,1.08us,41.00ns,1.08us,221.00ns,0.96us,36.79us
test/model/count-spans,count-spans,0.1.0 (rev b2eef23d05),rust/regex/pikevm/accEmptyStates,0.4.14,,37,1000000,2.80s,1.08us,41.00ns,1.08us,392.00ns,0.96us,33.21us
test/model/count-spans,count-spans,0.1.0 (rev b2eef23d05),rust/regex/pikevm/accOneAhead,0.4.14,,37,1000000,2.93s,1.12us,41.00ns,1.11us,169.00ns,1.00us,37.08us
test/model/count-captures,count-captures,0.1.0 (rev b2eef23d05),rust/regex/pikevm,0.4.14,,37,1000000,3.33s,1.29us,42.00ns,1.35us,319.00ns,1.17us,44.08us
test/model/count-captures,count-captures,0.1.0 (rev b2eef23d05),rust/regex/pikevm/accEmptyStates,0.4.14,,37,1000000,3.45s,1.33us,83.00ns,1.36us,308.00ns,1.17us,36.62us
test/model/count-captures,count-captures,0.1.0 (rev b2eef23d05),rust/regex/pikevm/accOneAhead,0.4.14,,37,1000000,3.39s,1.38us,83.00ns,1.36us,323.00ns,1.12us,40.50us
test/model/grep,grep,0.1.0 (rev b2eef23d05),rust/regex/pikevm,0.4.14,,13,1000000,1.09s,250.00ns,0.00ns,234.00ns,94.00ns,125.00ns,26.62us
test/model/grep,grep,0.1.0 (rev b2eef23d05),rust/regex/pikevm/accEmptyStates,0.4.14,,13,1000000,1.10s,208.00ns,0.00ns,216.00ns,89.00ns,125.00ns,26.25us
test/model/grep,grep,0.1.0 (rev b2eef23d05),rust/regex/pikevm/accOneAhead,0.4.14,,13,1000000,1.14s,250.00ns,0.00ns,236.00ns,123.00ns,125.00ns,26.50us
test/model/grep-captures,grep-captures,0.1.0 (rev b2eef23d05),rust/regex/pikevm,0.4.14,,20,1000000,2.29s,792.00ns,1.00ns,820.00ns,194.00ns,666.00ns,48.12us
test/model/grep-captures,grep-captures,0.1.0 (rev b2eef23d05),rust/regex/pikevm/accEmptyStates,0.4.14,,20,1000000,2.27s,792.00ns,1.00ns,785.00ns,129.00ns,666.00ns,49.25us
test/model/grep-captures,grep-captures,0.1.0 (rev b2eef23d05),rust/regex/pikevm/accOneAhead,0.4.14,,20,1000000,2.41s,875.00ns,42.00ns,862.00ns,219.00ns,666.00ns,42.21us
test/unicode/case/ascii-only,count,0.1.0 (rev b2eef23d05),rust/regex/pikevm,0.4.14,,2,1000000,733.08ms,42.00ns,0.00ns,41.00ns,18.00ns,1.00ns,6.88us
test/unicode/case/ascii-only,count,0.1.0 (rev b2eef23d05),rust/regex/pikevm/accEmptyStates,0.4.14,,2,1000000,731.90ms,42.00ns,0.00ns,40.00ns,32.00ns,1.00ns,16.04us
test/unicode/case/ascii-only,count,0.1.0 (rev b2eef23d05),rust/regex/pikevm/accOneAhead,0.4.14,,2,1000000,721.52ms,42.00ns,0.00ns,38.00ns,45.00ns,1.00ns,25.79us
test/unicode/case/ascii-with-unicode,count,0.1.0 (rev b2eef23d05),rust/regex/pikevm,0.4.14,,2,1000000,927.60ms,125.00ns,0.00ns,117.00ns,47.00ns,1.00ns,27.83us
test/unicode/case/ascii-with-unicode,count,0.1.0 (rev b2eef23d05),rust/regex/pikevm/accEmptyStates,0.4.14,,2,1000000,908.28ms,125.00ns,0.00ns,118.00ns,45.00ns,1.00ns,23.00us
test/unicode/case/ascii-with-unicode,count,0.1.0 (rev b2eef23d05),rust/regex/pikevm/accOneAhead,0.4.14,,2,1000000,838.54ms,84.00ns,1.00ns,99.00ns,56.00ns,1.00ns,36.54us
test/unicode/case/unicode,count,0.1.0 (rev b2eef23d05),rust/regex/pikevm,0.4.14,,2,1000000,908.30ms,125.00ns,0.00ns,113.00ns,56.00ns,1.00ns,33.83us
test/unicode/case/unicode,count,0.1.0 (rev b2eef23d05),rust/regex/pikevm/accEmptyStates,0.4.14,,2,1000000,915.36ms,125.00ns,0.00ns,117.00ns,87.00ns,1.00ns,26.17us
test/unicode/case/unicode,count,0.1.0 (rev b2eef23d05),rust/regex/pikevm/accOneAhead,0.4.14,,2,1000000,885.06ms,125.00ns,0.00ns,105.00ns,97.00ns,1.00ns,28.83us
test/unicode/decimal/ascii-only,count,0.1.0 (rev b2eef23d05),rust/regex/pikevm,0.4.14,,3,1000000,741.11ms,42.00ns,0.00ns,41.00ns,23.00ns,1.00ns,18.25us
test/unicode/decimal/ascii-only,count,0.1.0 (rev b2eef23d05),rust/regex/pikevm/accEmptyStates,0.4.14,,3,1000000,719.44ms,42.00ns,0.00ns,41.00ns,37.00ns,1.00ns,22.33us
test/unicode/decimal/ascii-only,count,0.1.0 (rev b2eef23d05),rust/regex/pikevm/accOneAhead,0.4.14,,3,1000000,741.46ms,42.00ns,0.00ns,38.00ns,43.00ns,1.00ns,27.42us
test/unicode/decimal/unicode,count,0.1.0 (rev b2eef23d05),rust/regex/pikevm,0.4.14,,3,1000000,0.96s,166.00ns,1.00ns,152.00ns,51.00ns,41.00ns,26.54us
test/unicode/decimal/unicode,count,0.1.0 (rev b2eef23d05),rust/regex/pikevm/accEmptyStates,0.4.14,,3,1000000,0.96s,166.00ns,1.00ns,148.00ns,85.00ns,41.00ns,26.42us
test/unicode/decimal/unicode,count,0.1.0 (rev b2eef23d05),rust/regex/pikevm/accOneAhead,0.4.14,,3,1000000,0.98s,167.00ns,0.00ns,163.00ns,25.00ns,41.00ns,14.04us
test/unicode/invalid-utf8/dot-matches-xFF,count,0.1.0 (rev b2eef23d05),rust/regex/pikevm,0.4.14,,1,1000000,843.26ms,84.00ns,1.00ns,99.00ns,82.00ns,1.00ns,26.33us
test/unicode/invalid-utf8/dot-matches-xFF,count,0.1.0 (rev b2eef23d05),rust/regex/pikevm/accEmptyStates,0.4.14,,1,1000000,833.72ms,125.00ns,0.00ns,108.00ns,64.00ns,1.00ns,26.42us
test/unicode/invalid-utf8/dot-matches-xFF,count,0.1.0 (rev b2eef23d05),rust/regex/pikevm/accOneAhead,0.4.14,,1,1000000,924.56ms,125.00ns,0.00ns,112.00ns,86.00ns,1.00ns,23.62us
test/unicode/invalid-utf8/dot-no-matches-xFF,count,0.1.0 (rev b2eef23d05),rust/regex/pikevm,0.4.14,,1,1000000,786.64ms,83.00ns,1.00ns,66.00ns,62.00ns,1.00ns,22.46us
test/unicode/invalid-utf8/dot-no-matches-xFF,count,0.1.0 (rev b2eef23d05),rust/regex/pikevm/accEmptyStates,0.4.14,,1,1000000,787.90ms,83.00ns,1.00ns,65.00ns,44.00ns,1.00ns,21.08us
test/unicode/invalid-utf8/dot-no-matches-xFF,count,0.1.0 (rev b2eef23d05),rust/regex/pikevm/accOneAhead,0.4.14,,1,1000000,725.34ms,83.00ns,1.00ns,64.00ns,43.00ns,1.00ns,16.00us
test/unicode/invalid-utf8/dot-matches-codepoint-prefix,count,0.1.0 (rev b2eef23d05),rust/regex/pikevm,0.4.14,,3,1000000,1.08s,208.00ns,0.00ns,205.00ns,95.00ns,83.00ns,28.67us
test/unicode/invalid-utf8/dot-matches-codepoint-prefix,count,0.1.0 (rev b2eef23d05),rust/regex/pikevm/accEmptyStates,0.4.14,,3,1000000,1.05s,209.00ns,1.00ns,219.00ns,55.00ns,125.00ns,26.62us
test/unicode/invalid-utf8/dot-matches-codepoint-prefix,count,0.1.0 (rev b2eef23d05),rust/regex/pikevm/accOneAhead,0.4.14,,3,1000000,1.13s,250.00ns,0.00ns,239.00ns,114.00ns,125.00ns,26.71us
test/unicode/invalid-utf8/dot-no-matches-codepoint-prefix,count,0.1.0 (rev b2eef23d05),rust/regex/pikevm,0.4.14,,3,1000000,864.27ms,125.00ns,0.00ns,123.00ns,83.00ns,41.00ns,23.83us
test/unicode/invalid-utf8/dot-no-matches-codepoint-prefix,count,0.1.0 (rev b2eef23d05),rust/regex/pikevm/accEmptyStates,0.4.14,,3,1000000,853.49ms,125.00ns,0.00ns,117.00ns,57.00ns,1.00ns,23.75us
test/unicode/invalid-utf8/dot-no-matches-codepoint-prefix,count,0.1.0 (rev b2eef23d05),rust/regex/pikevm/accOneAhead,0.4.14,,3,1000000,0.96s,125.00ns,0.00ns,128.00ns,127.00ns,1.00ns,31.12us
test/unicode/invalid-utf8/xFF-matches-xFF,count,0.1.0 (rev b2eef23d05),rust/regex/pikevm,0.4.14,,1,1000000,849.17ms,125.00ns,0.00ns,113.00ns,112.00ns,1.00ns,26.62us
test/unicode/invalid-utf8/xFF-matches-xFF,count,0.1.0 (rev b2eef23d05),rust/regex/pikevm/accEmptyStates,0.4.14,,1,1000000,884.03ms,84.00ns,1.00ns,104.00ns,92.00ns,1.00ns,26.46us
test/unicode/invalid-utf8/xFF-matches-xFF,count,0.1.0 (rev b2eef23d05),rust/regex/pikevm/accOneAhead,0.4.14,,1,1000000,823.60ms,84.00ns,1.00ns,98.00ns,54.00ns,1.00ns,26.08us
test/unicode/letter/pL-matches-bmp-delta,count,0.1.0 (rev b2eef23d05),rust/regex/pikevm,0.4.14,,2,1000000,923.73ms,125.00ns,0.00ns,128.00ns,43.00ns,41.00ns,22.33us
test/unicode/letter/pL-matches-bmp-delta,count,0.1.0 (rev b2eef23d05),rust/regex/pikevm/accEmptyStates,0.4.14,,2,1000000,0.96s,125.00ns,0.00ns,134.00ns,48.00ns,41.00ns,28.17us
test/unicode/letter/pL-matches-bmp-delta,count,0.1.0 (rev b2eef23d05),rust/regex/pikevm/accOneAhead,0.4.14,,2,1000000,0.96s,125.00ns,0.00ns,140.00ns,96.00ns,41.00ns,27.00us
test/unicode/letter/pLbraced-matches-bmp-delta,count,0.1.0 (rev b2eef23d05),rust/regex/pikevm,0.4.14,,2,1000000,890.26ms,125.00ns,0.00ns,127.00ns,47.00ns,1.00ns,25.83us
test/unicode/letter/pLbraced-matches-bmp-delta,count,0.1.0 (rev b2eef23d05),rust/regex/pikevm/accEmptyStates,0.4.14,,2,1000000,907.43ms,125.00ns,0.00ns,133.00ns,47.00ns,41.00ns,27.29us
test/unicode/letter/pLbraced-matches-bmp-delta,count,0.1.0 (rev b2eef23d05),rust/regex/pikevm/accOneAhead,0.4.14,,2,1000000,0.99s,125.00ns,0.00ns,140.00ns,100.00ns,41.00ns,28.67us
test/unicode/letter/pLbraced-matches-nonbmp-delta,count,0.1.0 (rev b2eef23d05),rust/regex/pikevm,0.4.14,,4,1000000,1.02s,208.00ns,1.00ns,188.00ns,48.00ns,83.00ns,22.00us
test/unicode/letter/pLbraced-matches-nonbmp-delta,count,0.1.0 (rev b2eef23d05),rust/regex/pikevm/accEmptyStates,0.4.14,,4,1000000,1.05s,208.00ns,1.00ns,205.00ns,108.00ns,83.00ns,23.88us
test/unicode/letter/pLbraced-matches-nonbmp-delta,count,0.1.0 (rev b2eef23d05),rust/regex/pikevm/accOneAhead,0.4.14,,4,1000000,1.07s,208.00ns,1.00ns,209.00ns,90.00ns,83.00ns,26.50us
test/unicode/letter/pLetter-matches-bmp-delta,count,0.1.0 (rev b2eef23d05),rust/regex/pikevm,0.4.14,,2,1000000,898.01ms,125.00ns,0.00ns,131.00ns,85.00ns,1.00ns,23.71us
test/unicode/letter/pLetter-matches-bmp-delta,count,0.1.0 (rev b2eef23d05),rust/regex/pikevm/accEmptyStates,0.4.14,,2,1000000,910.88ms,125.00ns,0.00ns,133.00ns,54.00ns,41.00ns,26.42us
test/unicode/letter/pLetter-matches-bmp-delta,count,0.1.0 (rev b2eef23d05),rust/regex/pikevm/accOneAhead,0.4.14,,2,1000000,0.98s,125.00ns,0.00ns,140.00ns,92.00ns,41.00ns,23.67us
test/unicode/letter/pLetter-casei-matches-bmp-delta,count,0.1.0 (rev b2eef23d05),rust/regex/pikevm,0.4.14,,2,1000000,0.96s,125.00ns,0.00ns,134.00ns,86.00ns,41.00ns,23.88us
test/unicode/letter/pLetter-casei-matches-bmp-delta,count,0.1.0 (rev b2eef23d05),rust/regex/pikevm/accEmptyStates,0.4.14,,2,1000000,0.95s,125.00ns,0.00ns,143.00ns,91.00ns,41.00ns,26.62us
test/unicode/letter/pLetter-casei-matches-bmp-delta,count,0.1.0 (rev b2eef23d05),rust/regex/pikevm/accOneAhead,0.4.14,,2,1000000,0.95s,125.00ns,0.00ns,139.00ns,92.00ns,41.00ns,26.38us
test/unicode/letter/pLetter-gc-equals-matches-bmp-delta,count,0.1.0 (rev b2eef23d05),rust/regex/pikevm,0.4.14,,2,1000000,946.04ms,125.00ns,0.00ns,131.00ns,70.00ns,41.00ns,26.54us
test/unicode/letter/pLetter-gc-equals-matches-bmp-delta,count,0.1.0 (rev b2eef23d05),rust/regex/pikevm/accEmptyStates,0.4.14,,2,1000000,899.20ms,125.00ns,0.00ns,139.00ns,72.00ns,41.00ns,22.79us
test/unicode/letter/pLetter-gc-equals-matches-bmp-delta,count,0.1.0 (rev b2eef23d05),rust/regex/pikevm/accOneAhead,0.4.14,,2,1000000,0.97s,125.00ns,0.00ns,142.00ns,99.00ns,41.00ns,27.75us
test/unicode/letter/pLetter-gc-colon-matches-bmp-delta,count,0.1.0 (rev b2eef23d05),rust/regex/pikevm,0.4.14,,2,1000000,931.05ms,125.00ns,0.00ns,132.00ns,98.00ns,41.00ns,28.04us
test/unicode/letter/pLetter-gc-colon-matches-bmp-delta,count,0.1.0 (rev b2eef23d05),rust/regex/pikevm/accEmptyStates,0.4.14,,2,1000000,891.86ms,125.00ns,0.00ns,133.00ns,102.00ns,1.00ns,29.54us
test/unicode/letter/pLetter-gc-colon-matches-bmp-delta,count,0.1.0 (rev b2eef23d05),rust/regex/pikevm/accOneAhead,0.4.14,,2,1000000,0.96s,125.00ns,0.00ns,141.00ns,98.00ns,41.00ns,26.42us
test/unicode/utf8/dot-matches-byte,count,0.1.0 (rev b2eef23d05),rust/regex/pikevm,0.4.14,,4,1000000,1.20s,250.00ns,0.00ns,268.00ns,163.00ns,125.00ns,41.46us
test/unicode/utf8/dot-matches-byte,count,0.1.0 (rev b2eef23d05),rust/regex/pikevm/accEmptyStates,0.4.14,,4,1000000,1.22s,291.00ns,1.00ns,280.00ns,133.00ns,166.00ns,32.29us
test/unicode/utf8/dot-matches-byte,count,0.1.0 (rev b2eef23d05),rust/regex/pikevm/accOneAhead,0.4.14,,4,1000000,1.27s,292.00ns,1.00ns,301.00ns,135.00ns,166.00ns,30.58us
test/unicode/utf8/dot-matches-codepoint,count,0.1.0 (rev b2eef23d05),rust/regex/pikevm,0.4.14,,4,1000000,1.03s,167.00ns,1.00ns,179.00ns,48.00ns,83.00ns,27.08us
test/unicode/utf8/dot-matches-codepoint,count,0.1.0 (rev b2eef23d05),rust/regex/pikevm/accEmptyStates,0.4.14,,4,1000000,1.01s,167.00ns,1.00ns,181.00ns,92.00ns,83.00ns,38.00us
test/unicode/utf8/dot-matches-codepoint,count,0.1.0 (rev b2eef23d05),rust/regex/pikevm/accOneAhead,0.4.14,,4,1000000,1.03s,167.00ns,0.00ns,176.00ns,43.00ns,83.00ns,23.62us
test/unicode/whitespace/ascii-only,count,0.1.0 (rev b2eef23d05),rust/regex/pikevm,0.4.14,,3,1000000,721.35ms,42.00ns,0.00ns,41.00ns,40.00ns,1.00ns,16.33us
test/unicode/whitespace/ascii-only,count,0.1.0 (rev b2eef23d05),rust/regex/pikevm/accEmptyStates,0.4.14,,3,1000000,753.63ms,42.00ns,0.00ns,41.00ns,19.00ns,1.00ns,11.04us
test/unicode/whitespace/ascii-only,count,0.1.0 (rev b2eef23d05),rust/regex/pikevm/accOneAhead,0.4.14,,3,1000000,715.78ms,42.00ns,0.00ns,38.00ns,49.00ns,1.00ns,25.67us
test/unicode/whitespace/unicode,count,0.1.0 (rev b2eef23d05),rust/regex/pikevm,0.4.14,,3,1000000,934.01ms,166.00ns,1.00ns,146.00ns,58.00ns,41.00ns,26.96us
test/unicode/whitespace/unicode,count,0.1.0 (rev b2eef23d05),rust/regex/pikevm/accEmptyStates,0.4.14,,3,1000000,0.97s,167.00ns,0.00ns,166.00ns,97.00ns,83.00ns,23.79us
test/unicode/whitespace/unicode,count,0.1.0 (rev b2eef23d05),rust/regex/pikevm/accOneAhead,0.4.14,,3,1000000,0.98s,166.00ns,1.00ns,155.00ns,39.00ns,41.00ns,24.67us
test/unicode/word-boundary/ascii-only,count,0.1.0 (rev b2eef23d05),rust/regex/pikevm,0.4.14,,2,1000000,781.51ms,83.00ns,1.00ns,72.00ns,38.00ns,1.00ns,24.79us
test/unicode/word-boundary/ascii-only,count,0.1.0 (rev b2eef23d05),rust/regex/pikevm/accEmptyStates,0.4.14,,2,1000000,786.12ms,83.00ns,0.00ns,74.00ns,58.00ns,1.00ns,25.67us
test/unicode/word-boundary/ascii-only,count,0.1.0 (rev b2eef23d05),rust/regex/pikevm/accOneAhead,0.4.14,,2,1000000,777.74ms,83.00ns,0.00ns,74.00ns,80.00ns,1.00ns,23.38us
test/unicode/word-boundary/unicode-alphabetic,count,0.1.0 (rev b2eef23d05),rust/regex/pikevm,0.4.14,,2,1000000,1.22s,250.00ns,0.00ns,266.00ns,130.00ns,166.00ns,26.62us
test/unicode/word-boundary/unicode-alphabetic,count,0.1.0 (rev b2eef23d05),rust/regex/pikevm/accEmptyStates,0.4.14,,2,1000000,1.19s,250.00ns,0.00ns,263.00ns,107.00ns,166.00ns,27.08us
test/unicode/word-boundary/unicode-alphabetic,count,0.1.0 (rev b2eef23d05),rust/regex/pikevm/accOneAhead,0.4.14,,2,1000000,1.22s,250.00ns,0.00ns,260.00ns,110.00ns,166.00ns,41.21us
test/unicode/word-boundary/unicode-join-control,count,0.1.0 (rev b2eef23d05),rust/regex/pikevm,0.4.14,,3,1000000,1.25s,292.00ns,0.00ns,284.00ns,112.00ns,166.00ns,27.96us
test/unicode/word-boundary/unicode-join-control,count,0.1.0 (rev b2eef23d05),rust/regex/pikevm/accEmptyStates,0.4.14,,3,1000000,1.26s,292.00ns,0.00ns,287.00ns,106.00ns,166.00ns,28.33us
test/unicode/word-boundary/unicode-join-control,count,0.1.0 (rev b2eef23d05),rust/regex/pikevm/accOneAhead,0.4.14,,3,1000000,1.23s,292.00ns,0.00ns,283.00ns,68.00ns,166.00ns,27.12us
test/unicode/word-boundary/unicode-mark,count,0.1.0 (rev b2eef23d05),rust/regex/pikevm,0.4.14,,2,1000000,1.21s,250.00ns,0.00ns,259.00ns,80.00ns,166.00ns,26.58us
test/unicode/word-boundary/unicode-mark,count,0.1.0 (rev b2eef23d05),rust/regex/pikevm/accEmptyStates,0.4.14,,2,1000000,1.20s,250.00ns,0.00ns,262.00ns,117.00ns,166.00ns,35.33us
test/unicode/word-boundary/unicode-mark,count,0.1.0 (rev b2eef23d05),rust/regex/pikevm/accOneAhead,0.4.14,,2,1000000,1.22s,250.00ns,0.00ns,262.00ns,121.00ns,166.00ns,26.29us
test/unicode/word-boundary/unicode-decimal-number,count,0.1.0 (rev b2eef23d05),rust/regex/pikevm,0.4.14,,3,1000000,1.23s,292.00ns,0.00ns,283.00ns,63.00ns,166.00ns,29.21us
test/unicode/word-boundary/unicode-decimal-number,count,0.1.0 (rev b2eef23d05),rust/regex/pikevm/accEmptyStates,0.4.14,,3,1000000,1.22s,292.00ns,0.00ns,286.00ns,80.00ns,166.00ns,51.83us
test/unicode/word-boundary/unicode-decimal-number,count,0.1.0 (rev b2eef23d05),rust/regex/pikevm/accOneAhead,0.4.14,,3,1000000,1.26s,292.00ns,0.00ns,290.00ns,151.00ns,166.00ns,27.12us
test/unicode/word-boundary/unicode-connector-punctuation,count,0.1.0 (rev b2eef23d05),rust/regex/pikevm,0.4.14,,3,1000000,1.27s,292.00ns,0.00ns,288.00ns,122.00ns,166.00ns,26.67us
test/unicode/word-boundary/unicode-connector-punctuation,count,0.1.0 (rev b2eef23d05),rust/regex/pikevm/accEmptyStates,0.4.14,,3,1000000,1.25s,292.00ns,0.00ns,288.00ns,130.00ns,166.00ns,26.71us
test/unicode/word-boundary/unicode-connector-punctuation,count,0.1.0 (rev b2eef23d05),rust/regex/pikevm/accOneAhead,0.4.14,,3,1000000,1.19s,292.00ns,0.00ns,285.00ns,118.00ns,166.00ns,38.29us
test/unicode/word/ascii-only,count,0.1.0 (rev b2eef23d05),rust/regex/pikevm,0.4.14,,2,1000000,791.68ms,83.00ns,0.00ns,77.00ns,34.00ns,1.00ns,15.75us
test/unicode/word/ascii-only,count,0.1.0 (rev b2eef23d05),rust/regex/pikevm/accEmptyStates,0.4.14,,2,1000000,789.86ms,83.00ns,0.00ns,76.00ns,49.00ns,1.00ns,23.21us
test/unicode/word/ascii-only,count,0.1.0 (rev b2eef23d05),rust/regex/pikevm/accOneAhead,0.4.14,,2,1000000,820.19ms,83.00ns,0.00ns,82.00ns,77.00ns,1.00ns,24.58us
test/unicode/word/unicode-alphabetic,count,0.1.0 (rev b2eef23d05),rust/regex/pikevm,0.4.14,,2,1000000,946.04ms,125.00ns,0.00ns,139.00ns,96.00ns,41.00ns,26.08us
test/unicode/word/unicode-alphabetic,count,0.1.0 (rev b2eef23d05),rust/regex/pikevm/accEmptyStates,0.4.14,,2,1000000,1.00s,125.00ns,0.00ns,143.00ns,93.00ns,41.00ns,26.21us
test/unicode/word/unicode-alphabetic,count,0.1.0 (rev b2eef23d05),rust/regex/pikevm/accOneAhead,0.4.14,,2,1000000,0.97s,125.00ns,0.00ns,143.00ns,87.00ns,41.00ns,23.88us
test/unicode/word/unicode-join-control,count,0.1.0 (rev b2eef23d05),rust/regex/pikevm,0.4.14,,3,1000000,0.96s,167.00ns,0.00ns,158.00ns,54.00ns,41.00ns,26.12us
test/unicode/word/unicode-join-control,count,0.1.0 (rev b2eef23d05),rust/regex/pikevm/accEmptyStates,0.4.14,,3,1000000,1.00s,167.00ns,1.00ns,179.00ns,115.00ns,42.00ns,26.58us
test/unicode/word/unicode-join-control,count,0.1.0 (rev b2eef23d05),rust/regex/pikevm/accOneAhead,0.4.14,,3,1000000,1.05s,167.00ns,1.00ns,184.00ns,77.00ns,83.00ns,26.17us
test/unicode/word/unicode-mark,count,0.1.0 (rev b2eef23d05),rust/regex/pikevm,0.4.14,,2,1000000,912.37ms,125.00ns,0.00ns,130.00ns,22.00ns,41.00ns,10.46us
test/unicode/word/unicode-mark,count,0.1.0 (rev b2eef23d05),rust/regex/pikevm/accEmptyStates,0.4.14,,2,1000000,876.30ms,125.00ns,0.00ns,138.00ns,108.00ns,41.00ns,26.50us
test/unicode/word/unicode-mark,count,0.1.0 (rev b2eef23d05),rust/regex/pikevm/accOneAhead,0.4.14,,2,1000000,917.87ms,125.00ns,0.00ns,135.00ns,119.00ns,41.00ns,26.08us
test/unicode/word/unicode-decimal-number,count,0.1.0 (rev b2eef23d05),rust/regex/pikevm,0.4.14,,3,1000000,0.99s,167.00ns,0.00ns,173.00ns,114.00ns,41.00ns,26.83us
test/unicode/word/unicode-decimal-number,count,0.1.0 (rev b2eef23d05),rust/regex/pikevm/accEmptyStates,0.4.14,,3,1000000,1.04s,167.00ns,1.00ns,185.00ns,74.00ns,83.00ns,25.58us
test/unicode/word/unicode-decimal-number,count,0.1.0 (rev b2eef23d05),rust/regex/pikevm/accOneAhead,0.4.14,,3,1000000,1.06s,167.00ns,1.00ns,188.00ns,145.00ns,83.00ns,27.12us
test/unicode/word/unicode-connector-punctuation,count,0.1.0 (rev b2eef23d05),rust/regex/pikevm,0.4.14,,3,1000000,0.96s,167.00ns,0.00ns,160.00ns,91.00ns,42.00ns,26.58us
test/unicode/word/unicode-connector-punctuation,count,0.1.0 (rev b2eef23d05),rust/regex/pikevm/accEmptyStates,0.4.14,,3,1000000,1.01s,167.00ns,1.00ns,177.00ns,177.00ns,83.00ns,28.71us
test/unicode/word/unicode-connector-punctuation,count,0.1.0 (rev b2eef23d05),rust/regex/pikevm/accOneAhead,0.4.14,,3,1000000,1.00s,167.00ns,0.00ns,174.00ns,67.00ns,83.00ns,27.54us
unicode/codepoints/any-one,count,0.1.0 (rev b2eef23d05),rust/regex/pikevm,0.4.14,,4382592,23,4.69s,133.79ms,378.46us,134.71ms,2.93ms,132.88ms,144.42ms
unicode/codepoints/any-one,count,0.1.0 (rev b2eef23d05),rust/regex/pikevm/accEmptyStates,0.4.14,,4382592,21,4.61s,146.56ms,800.75us,143.79ms,5.32ms,133.11ms,148.20ms
unicode/codepoints/any-one,count,0.1.0 (rev b2eef23d05),rust/regex/pikevm/accOneAhead,0.4.14,,4382592,22,4.83s,144.45ms,434.58us,142.81ms,3.99ms,134.24ms,146.90ms
unicode/codepoints/any-all,count-spans,0.1.0 (rev b2eef23d05),rust/regex/pikevm,0.4.14,,4382592,43,4.59s,70.26ms,414.17us,70.25ms,793.83us,66.37ms,71.50ms
unicode/codepoints/any-all,count-spans,0.1.0 (rev b2eef23d05),rust/regex/pikevm/accEmptyStates,0.4.14,,4382592,46,4.61s,64.81ms,130.94us,65.94ms,2.40ms,64.32ms,71.71ms
unicode/codepoints/any-all,count-spans,0.1.0 (rev b2eef23d05),rust/regex/pikevm/accOneAhead,0.4.14,,4382592,44,4.66s,69.67ms,323.02us,69.69ms,796.75us,65.72ms,70.98ms
unicode/codepoints/letters-one,count,0.1.0 (rev b2eef23d05),rust/regex/pikevm,0.4.14,,4382592,8,4.62s,378.91ms,158.69us,379.50ms,1.13ms,378.72ms,381.80ms
unicode/codepoints/letters-one,count,0.1.0 (rev b2eef23d05),rust/regex/pikevm/accEmptyStates,0.4.14,,4382592,8,4.70s,390.33ms,2.68ms,387.75ms,5.55ms,378.41ms,393.69ms
unicode/codepoints/letters-one,count,0.1.0 (rev b2eef23d05),rust/regex/pikevm/accOneAhead,0.4.14,,4382592,8,4.64s,382.02ms,803.48us,383.79ms,3.75ms,381.06ms,390.33ms
unicode/codepoints/letters-alt,count,0.1.0 (rev b2eef23d05),rust/regex/pikevm,0.4.14,,4382592,8,4.69s,388.82ms,1.66ms,386.51ms,4.88ms,376.60ms,390.58ms
unicode/codepoints/letters-alt,count,0.1.0 (rev b2eef23d05),rust/regex/pikevm/accEmptyStates,0.4.14,,4382592,8,4.63s,374.57ms,490.35us,379.63ms,7.02ms,373.93ms,390.51ms
unicode/codepoints/letters-alt,count,0.1.0 (rev b2eef23d05),rust/regex/pikevm/accOneAhead,0.4.14,,4382592,8,4.62s,379.19ms,191.02us,379.21ms,500.55us,378.46ms,380.28ms
unicode/codepoints/letters-lower-or-upper,count,0.1.0 (rev b2eef23d05),rust/regex/pikevm,0.4.14,,4382592,39,4.69s,78.42ms,115.25us,78.75ms,1.05ms,78.22ms,84.77ms
unicode/codepoints/letters-lower-or-upper,count,0.1.0 (rev b2eef23d05),rust/regex/pikevm/accEmptyStates,0.4.14,,4382592,38,4.62s,77.87ms,449.79us,80.17ms,3.33ms,77.39ms,86.22ms
unicode/codepoints/letters-lower-or-upper,count,0.1.0 (rev b2eef23d05),rust/regex/pikevm/accOneAhead,0.4.14,,4382592,35,4.64s,87.03ms,523.54us,86.96ms,1.10ms,81.85ms,88.35ms
unicode/codepoints/contiguous-greek,count,0.1.0 (rev b2eef23d05),rust/regex/pikevm,0.4.14,,4382592,44,4.62s,68.27ms,202.71us,68.33ms,395.22us,67.52ms,69.66ms
unicode/codepoints/contiguous-greek,count,0.1.0 (rev b2eef23d05),rust/regex/pikevm/accEmptyStates,0.4.14,,4382592,48,4.62s,61.96ms,83.31us,62.80ms,2.09ms,61.79ms,69.01ms
unicode/codepoints/contiguous-greek,count,0.1.0 (rev b2eef23d05),rust/regex/pikevm/accOneAhead,0.4.14,,4382592,44,4.60s,67.40ms,1.58ms,68.60ms,2.69ms,65.81ms,72.19ms
unicode/overlapping-words/ascii,grep-captures,0.1.0 (rev b2eef23d05),rust/regex/pikevm,0.4.14,,61436,156,4.54s,19.43ms,98.88us,19.28ms,387.27us,18.25ms,19.82ms
unicode/overlapping-words/ascii,grep-captures,0.1.0 (rev b2eef23d05),rust/regex/pikevm/accEmptyStates,0.4.14,,61436,160,4.54s,18.35ms,94.35us,18.77ms,520.25us,18.25ms,19.63ms
unicode/overlapping-words/ascii,grep-captures,0.1.0 (rev b2eef23d05),rust/regex/pikevm/accOneAhead,0.4.14,,61436,162,4.53s,18.16ms,66.56us,18.55ms,552.20us,18.07ms,19.64ms
unicode/overlapping-words/english,grep-captures,0.1.0 (rev b2eef23d05),rust/regex/pikevm,0.4.14,,61436,156,4.53s,18.79ms,50.50us,19.24ms,655.97us,18.73ms,20.57ms
unicode/overlapping-words/english,grep-captures,0.1.0 (rev b2eef23d05),rust/regex/pikevm/accEmptyStates,0.4.14,,61436,161,4.53s,18.65ms,10.46us,18.66ms,52.58us,18.63ms,19.05ms
unicode/overlapping-words/english,grep-captures,0.1.0 (rev b2eef23d05),rust/regex/pikevm/accOneAhead,0.4.14,,61436,150,4.54s,20.04ms,113.65us,20.06ms,243.89us,18.55ms,20.68ms
unicode/overlapping-words/russian,grep-captures,0.1.0 (rev b2eef23d05),rust/regex/pikevm,0.4.14,,61403,135,4.58s,22.74ms,637.96us,22.28ms,912.25us,21.19ms,23.72ms
unicode/overlapping-words/russian,grep-captures,0.1.0 (rev b2eef23d05),rust/regex/pikevm/accEmptyStates,0.4.14,,61403,141,4.56s,21.28ms,118.29us,21.35ms,216.88us,21.13ms,22.44ms
unicode/overlapping-words/russian,grep-captures,0.1.0 (rev b2eef23d05),rust/regex/pikevm/accOneAhead,0.4.14,,61403,143,4.52s,20.97ms,13.42us,20.98ms,64.25us,20.91ms,21.29ms
unicode/word/boundary-any-english,count-spans,0.1.0 (rev b2eef23d05),rust/regex/pikevm,0.4.14,,613357,146,4.56s,20.32ms,54.67us,20.69ms,744.28us,20.25ms,22.67ms
unicode/word/boundary-any-english,count-spans,0.1.0 (rev b2eef23d05),rust/regex/pikevm/accEmptyStates,0.4.14,,613357,147,4.53s,20.33ms,38.75us,20.46ms,366.63us,20.27ms,22.41ms
unicode/word/boundary-any-english,count-spans,0.1.0 (rev b2eef23d05),rust/regex/pikevm/accOneAhead,0.4.14,,613357,139,4.55s,21.09ms,52.29us,21.72ms,808.95us,21.03ms,23.27ms
unicode/word/boundary-any-russian,count-spans,0.1.0 (rev b2eef23d05),rust/regex/pikevm,0.4.14,,613423,98,4.54s,30.75ms,71.73us,30.84ms,179.31us,30.65ms,31.34ms
unicode/word/boundary-any-russian,count-spans,0.1.0 (rev b2eef23d05),rust/regex/pikevm/accEmptyStates,0.4.14,,613423,98,4.55s,30.73ms,22.38us,30.76ms,104.19us,30.68ms,31.32ms
unicode/word/boundary-any-russian,count-spans,0.1.0 (rev b2eef23d05),rust/regex/pikevm/accOneAhead,0.4.14,,613423,99,4.56s,30.33ms,26.00us,30.36ms,112.45us,30.27ms,30.92ms
unicode/word/boundary-long-english,count-spans,0.1.0 (rev b2eef23d05),rust/regex/pikevm,0.4.14,,613357,221,4.52s,13.57ms,11.79us,13.59ms,47.10us,13.55ms,14.00ms
unicode/word/boundary-long-english,count-spans,0.1.0 (rev b2eef23d05),rust/regex/pikevm/accEmptyStates,0.4.14,,613357,217,4.52s,13.61ms,52.21us,13.82ms,399.72us,13.55ms,14.90ms
unicode/word/boundary-long-english,count-spans,0.1.0 (rev b2eef23d05),rust/regex/pikevm/accOneAhead,0.4.14,,613357,208,4.57s,14.22ms,20.46us,14.44ms,366.14us,14.19ms,15.39ms
unicode/word/boundary-long-russian,count-spans,0.1.0 (rev b2eef23d05),rust/regex/pikevm,0.4.14,,613423,143,4.59s,20.97ms,18.92us,20.99ms,76.08us,20.93ms,21.39ms
unicode/word/boundary-long-russian,count-spans,0.1.0 (rev b2eef23d05),rust/regex/pikevm/accEmptyStates,0.4.14,,613423,143,4.54s,21.04ms,20.67us,21.06ms,91.05us,21.00ms,21.66ms
unicode/word/boundary-long-russian,count-spans,0.1.0 (rev b2eef23d05),rust/regex/pikevm/accOneAhead,0.4.14,,613423,141,4.59s,21.33ms,14.42us,21.38ms,244.11us,21.30ms,23.49ms
unicode/word/around-holmes-english,count-spans,0.1.0 (rev b2eef23d05),rust/regex/pikevm,0.4.14,,613357,151,4.56s,19.98ms,168.08us,19.90ms,353.37us,19.13ms,20.55ms
unicode/word/around-holmes-english,count-spans,0.1.0 (rev b2eef23d05),rust/regex/pikevm/accEmptyStates,0.4.14,,613357,156,4.56s,18.96ms,37.17us,19.32ms,512.95us,18.92ms,20.42ms
unicode/word/around-holmes-english,count-spans,0.1.0 (rev b2eef23d05),rust/regex/pikevm/accOneAhead,0.4.14,,613357,151,4.58s,19.97ms,168.17us,19.97ms,236.79us,19.35ms,20.61ms
unicode/word/around-holmes-russian,count-spans,0.1.0 (rev b2eef23d05),rust/regex/pikevm,0.4.14,,613423,124,4.57s,24.34ms,19.19us,24.37ms,105.57us,24.31ms,25.14ms
unicode/word/around-holmes-russian,count-spans,0.1.0 (rev b2eef23d05),rust/regex/pikevm/accEmptyStates,0.4.14,,613423,124,4.55s,24.35ms,17.29us,24.37ms,72.07us,24.32ms,24.81ms
unicode/word/around-holmes-russian,count-spans,0.1.0 (rev b2eef23d05),rust/regex/pikevm/accOneAhead,0.4.14,,613423,121,4.54s,24.93ms,28.79us,24.95ms,79.25us,24.89ms,25.40ms
wild/bibleref/long,count-captures,0.1.0 (rev b2eef23d05),rust/regex/pikevm,0.4.14,,613357,57,4.56s,52.42ms,62.96us,52.97ms,1.10ms,52.32ms,55.71ms
wild/bibleref/long,count-captures,0.1.0 (rev b2eef23d05),rust/regex/pikevm/accEmptyStates,0.4.14,,613357,55,4.57s,55.00ms,172.08us,54.91ms,341.22us,54.23ms,55.66ms
wild/bibleref/long,count-captures,0.1.0 (rev b2eef23d05),rust/regex/pikevm/accOneAhead,0.4.14,,613357,57,4.59s,52.79ms,50.62us,53.24ms,0.95ms,52.68ms,55.52ms
wild/bibleref/short,count-captures,0.1.0 (rev b2eef23d05),rust/regex/pikevm,0.4.14,,43,599930,4.86s,4.83us,41.00ns,4.94us,591.00ns,4.67us,63.67us
wild/bibleref/short,count-captures,0.1.0 (rev b2eef23d05),rust/regex/pikevm/accEmptyStates,0.4.14,,43,611165,4.92s,4.79us,41.00ns,4.84us,431.00ns,4.62us,50.71us
wild/bibleref/short,count-captures,0.1.0 (rev b2eef23d05),rust/regex/pikevm/accOneAhead,0.4.14,,43,622460,4.90s,4.75us,41.00ns,4.76us,346.00ns,4.58us,65.83us
wild/bibleref/line,grep-captures,0.1.0 (rev b2eef23d05),rust/regex/pikevm,0.4.14,,613357,55,4.62s,54.74ms,296.46us,54.76ms,616.31us,52.46ms,55.94ms
wild/bibleref/line,grep-captures,0.1.0 (rev b2eef23d05),rust/regex/pikevm/accEmptyStates,0.4.14,,613357,56,4.59s,53.39ms,72.69us,53.74ms,784.28us,53.28ms,55.81ms
wild/bibleref/line,grep-captures,0.1.0 (rev b2eef23d05),rust/regex/pikevm/accOneAhead,0.4.14,,613357,57,4.62s,53.12ms,45.38us,53.54ms,849.30us,53.04ms,55.73ms
wild/caddy/caddy,count-captures,0.1.0 (rev b2eef23d05),rust/regex/pikevm,0.4.14,,107,1000000,4.58s,2.38us,125.00ns,2.42us,456.00ns,2.12us,44.33us
wild/caddy/caddy,count-captures,0.1.0 (rev b2eef23d05),rust/regex/pikevm/accEmptyStates,0.4.14,,107,1000000,4.52s,2.38us,125.00ns,2.42us,437.00ns,2.12us,39.12us
wild/caddy/caddy,count-captures,0.1.0 (rev b2eef23d05),rust/regex/pikevm/accOneAhead,0.4.14,,107,1000000,4.40s,2.25us,0.00ns,2.29us,337.00ns,2.12us,42.71us
wild/dot-star-capture/rust-src-tools,count-captures,0.1.0 (rev b2eef23d05),rust/regex/pikevm,0.4.14,,7384531,11,4.74s,288.21ms,374.71us,289.54ms,4.89ms,287.28ms,304.96ms
wild/dot-star-capture/rust-src-tools,count-captures,0.1.0 (rev b2eef23d05),rust/regex/pikevm/accEmptyStates,0.4.14,,7384531,11,5.03s,298.33ms,1.26ms,295.33ms,6.56ms,281.67ms,300.39ms
wild/dot-star-capture/rust-src-tools,count-captures,0.1.0 (rev b2eef23d05),rust/regex/pikevm/accOneAhead,0.4.14,,7384531,11,4.87s,280.87ms,308.92us,282.71ms,4.81ms,280.35ms,297.76ms
wild/grapheme/source-code,count,0.1.0 (rev b2eef23d05),rust/regex/pikevm,0.4.14,,7384531,2,5.80s,1.95s,0.96ms,1.95s,0.96ms,1.95s,1.95s
wild/grapheme/source-code,count,0.1.0 (rev b2eef23d05),rust/regex/pikevm/accEmptyStates,0.4.14,,7384531,2,5.82s,1.92s,33.10ms,1.92s,33.10ms,1.88s,1.95s
wild/grapheme/source-code,count,0.1.0 (rev b2eef23d05),rust/regex/pikevm/accOneAhead,0.4.14,,7384531,2,5.77s,1.90s,9.42ms,1.90s,9.42ms,1.90s,1.91s
wild/grapheme/codepoints,count,0.1.0 (rev b2eef23d05),rust/regex/pikevm,0.4.14,,4382592,4,4.91s,808.43ms,2.67ms,808.82ms,3.31ms,804.95ms,813.48ms
wild/grapheme/codepoints,count,0.1.0 (rev b2eef23d05),rust/regex/pikevm/accEmptyStates,0.4.14,,4382592,4,4.93s,825.37ms,7.67ms,823.11ms,10.46ms,808.55ms,833.12ms
wild/grapheme/codepoints,count,0.1.0 (rev b2eef23d05),rust/regex/pikevm/accOneAhead,0.4.14,,4382592,4,4.98s,827.72ms,2.04ms,827.01ms,3.90ms,820.88ms,831.71ms
wild/parol-veryl/ascii,count-captures,0.1.0 (rev b2eef23d05),rust/regex/pikevm,0.4.14,,150600,9,5.05s,359.68ms,1.28ms,359.90ms,2.05ms,356.61ms,363.65ms
wild/parol-veryl/ascii,count-captures,0.1.0 (rev b2eef23d05),rust/regex/pikevm/accEmptyStates,0.4.14,,150600,9,5.03s,354.48ms,184.17us,355.36ms,1.45ms,354.30ms,358.22ms
wild/parol-veryl/ascii,count-captures,0.1.0 (rev b2eef23d05),rust/regex/pikevm/accOneAhead,0.4.14,,150600,9,5.06s,358.43ms,211.83us,358.64ms,1.62ms,356.16ms,362.28ms
wild/parol-veryl/unicode,count-captures,0.1.0 (rev b2eef23d05),rust/regex/pikevm,0.4.14,,150600,8,5.03s,414.56ms,140.35us,414.61ms,247.76us,414.35ms,415.17ms
wild/parol-veryl/unicode,count-captures,0.1.0 (rev b2eef23d05),rust/regex/pikevm/accEmptyStates,0.4.14,,150600,8,5.02s,412.78ms,158.35us,412.85ms,543.79us,412.34ms,414.21ms
wild/parol-veryl/unicode,count-captures,0.1.0 (rev b2eef23d05),rust/regex/pikevm/accOneAhead,0.4.14,,150600,8,5.03s,415.65ms,1.89ms,416.08ms,2.38ms,413.60ms,420.67ms
wild/parol-veryl/multi-patternid-ascii,count-spans,0.1.0 (rev b2eef23d05),rust/regex/pikevm,0.4.14,,150600,8,4.67s,383.92ms,96.15us,383.95ms,273.05us,383.63ms,384.56ms
wild/parol-veryl/multi-patternid-ascii,count-spans,0.1.0 (rev b2eef23d05),rust/regex/pikevm/accEmptyStates,0.4.14,,150600,8,4.74s,392.41ms,0.97ms,392.22ms,1.33ms,389.65ms,394.10ms
wild/parol-veryl/multi-patternid-ascii,count-spans,0.1.0 (rev b2eef23d05),rust/regex/pikevm/accOneAhead,0.4.14,,150600,8,4.68s,380.45ms,312.69us,383.34ms,5.32ms,379.97ms,392.81ms
wild/parol-veryl/multi-captures-ascii,count-captures,0.1.0 (rev b2eef23d05),rust/regex/pikevm,0.4.14,,150600,5,5.23s,637.22ms,462.04us,644.66ms,9.76ms,636.76ms,660.12ms
wild/parol-veryl/multi-captures-ascii,count-captures,0.1.0 (rev b2eef23d05),rust/regex/pikevm/accEmptyStates,0.4.14,,150600,5,5.24s,657.33ms,434.54us,655.60ms,4.24ms,647.21ms,658.76ms
wild/parol-veryl/multi-captures-ascii,count-captures,0.1.0 (rev b2eef23d05),rust/regex/pikevm/accOneAhead,0.4.14,,150600,5,5.23s,645.82ms,8.36ms,648.43ms,8.05ms,637.46ms,658.31ms
wild/ruff/whitespace-around-keywords,grep-captures,0.1.0 (rev b2eef23d05),rust/regex/pikevm,0.4.14,,32514526,2,4.89s,1.61s,5.17ms,1.61s,5.17ms,1.60s,1.61s
wild/ruff/whitespace-around-keywords,grep-captures,0.1.0 (rev b2eef23d05),rust/regex/pikevm/accEmptyStates,0.4.14,,32514526,2,4.83s,1.58s,14.57ms,1.58s,14.57ms,1.57s,1.60s
wild/ruff/whitespace-around-keywords,grep-captures,0.1.0 (rev b2eef23d05),rust/regex/pikevm/accOneAhead,0.4.14,,32514526,2,4.76s,1.56s,5.61ms,1.56s,5.61ms,1.56s,1.57s
wild/ruff/noqa,grep-captures,0.1.0 (rev b2eef23d05),rust/regex/pikevm,0.4.14,,32514526,3,6.07s,1.19s,8.38ms,1.19s,15.46ms,1.18s,1.21s
wild/ruff/noqa,grep-captures,0.1.0 (rev b2eef23d05),rust/regex/pikevm/accEmptyStates,0.4.14,,32514526,3,6.26s,1.26s,16.27ms,1.26s,15.20ms,1.24s,1.28s
wild/ruff/noqa,grep-captures,0.1.0 (rev b2eef23d05),rust/regex/pikevm/accOneAhead,0.4.14,,32514526,3,5.94s,1.16s,942.13us,1.16s,1.54ms,1.16s,1.17s
wild/ruff/unnecessary-coding-comment,grep,0.1.0 (rev b2eef23d05),rust/regex/pikevm,0.4.14,,32514526,15,4.91s,205.71ms,935.96us,208.98ms,6.52ms,204.44ms,223.39ms
wild/ruff/unnecessary-coding-comment,grep,0.1.0 (rev b2eef23d05),rust/regex/pikevm/accEmptyStates,0.4.14,,32514526,15,4.64s,204.66ms,595.88us,205.75ms,3.60ms,202.99ms,218.03ms
wild/ruff/unnecessary-coding-comment,grep,0.1.0 (rev b2eef23d05),rust/regex/pikevm/accOneAhead,0.4.14,,32514526,14,4.71s,224.55ms,5.94ms,222.64ms,7.44ms,213.27ms,232.28ms
wild/ruff/string-quote-prefix,grep-captures,0.1.0 (rev b2eef23d05),rust/regex/pikevm,0.4.14,,32514526,68,4.63s,44.30ms,55.65us,44.66ms,874.36us,44.20ms,47.68ms
wild/ruff/string-quote-prefix,grep-captures,0.1.0 (rev b2eef23d05),rust/regex/pikevm/accEmptyStates,0.4.14,,32514526,65,4.61s,46.80ms,199.12us,46.81ms,305.41us,46.00ms,47.99ms
wild/ruff/string-quote-prefix,grep-captures,0.1.0 (rev b2eef23d05),rust/regex/pikevm/accOneAhead,0.4.14,,32514526,63,4.61s,48.31ms,378.71us,47.88ms,1.01ms,46.16ms,49.30ms
wild/ruff/space-around-operator,grep-captures,0.1.0 (rev b2eef23d05),rust/regex/pikevm,0.4.14,,32514526,2,5.50s,1.82s,14.65ms,1.82s,14.65ms,1.81s,1.84s
wild/ruff/space-around-operator,grep-captures,0.1.0 (rev b2eef23d05),rust/regex/pikevm/accEmptyStates,0.4.14,,32514526,2,5.53s,1.83s,3.60ms,1.83s,3.60ms,1.83s,1.84s
wild/ruff/space-around-operator,grep-captures,0.1.0 (rev b2eef23d05),rust/regex/pikevm/accOneAhead,0.4.14,,32514526,2,5.32s,1.75s,816.69us,1.75s,816.69us,1.75s,1.76s
wild/ruff/shebang,grep-captures,0.1.0 (rev b2eef23d05),rust/regex/pikevm,0.4.14,,32514526,13,4.73s,233.85ms,274.75us,233.88ms,324.37us,233.32ms,234.41ms
wild/ruff/shebang,grep-captures,0.1.0 (rev b2eef23d05),rust/regex/pikevm/accEmptyStates,0.4.14,,32514526,13,4.85s,235.24ms,267.88us,236.75ms,3.81ms,234.29ms,248.38ms
wild/ruff/shebang,grep-captures,0.1.0 (rev b2eef23d05),rust/regex/pikevm/accOneAhead,0.4.14,,32514526,13,4.84s,238.25ms,393.17us,239.21ms,2.51ms,237.48ms,246.01ms
wild/rustsec-cargo-audit/original-unix,count-captures,0.1.0 (rev b2eef23d05),rust/regex/pikevm,0.4.14,,5266960,30,4.68s,103.28ms,139.71us,103.22ms,443.20us,101.06ms,103.68ms
wild/rustsec-cargo-audit/original-unix,count-captures,0.1.0 (rev b2eef23d05),rust/regex/pikevm/accEmptyStates,0.4.14,,5266960,31,4.68s,99.84ms,515.21us,99.06ms,1.77ms,95.60ms,101.05ms
wild/rustsec-cargo-audit/original-unix,count-captures,0.1.0 (rev b2eef23d05),rust/regex/pikevm/accOneAhead,0.4.14,,5266960,30,4.60s,101.26ms,804.69us,101.51ms,1.15ms,99.15ms,103.44ms
wild/rustsec-cargo-audit/original-windows,count-captures,0.1.0 (rev b2eef23d05),rust/regex/pikevm,0.4.14,,4644864,33,4.61s,91.59ms,193.58us,91.81ms,844.62us,91.28ms,95.86ms
wild/rustsec-cargo-audit/original-windows,count-captures,0.1.0 (rev b2eef23d05),rust/regex/pikevm/accEmptyStates,0.4.14,,4644864,36,4.62s,84.75ms,106.06us,84.93ms,861.00us,84.46ms,89.14ms
wild/rustsec-cargo-audit/original-windows,count-captures,0.1.0 (rev b2eef23d05),rust/regex/pikevm/accOneAhead,0.4.14,,4644864,34,4.58s,88.61ms,719.27us,88.71ms,0.96ms,87.06ms,91.19ms
wild/rustsec-cargo-audit/both-slashes,count-captures,0.1.0 (rev b2eef23d05),rust/regex/pikevm,0.4.14,,5266960,30,4.71s,103.04ms,348.83us,103.03ms,541.47us,101.55ms,103.92ms
wild/rustsec-cargo-audit/both-slashes,count-captures,0.1.0 (rev b2eef23d05),rust/regex/pikevm/accEmptyStates,0.4.14,,5266960,31,4.62s,98.05ms,278.46us,97.76ms,0.98ms,93.92ms,98.84ms
wild/rustsec-cargo-audit/both-slashes,count-captures,0.1.0 (rev b2eef23d05),rust/regex/pikevm/accOneAhead,0.4.14,,5266960,30,4.58s,101.19ms,640.52us,101.21ms,1.51ms,97.46ms,104.42ms
wild/rustsec-cargo-audit/both-alternate,count-captures,0.1.0 (rev b2eef23d05),rust/regex/pikevm,0.4.14,,5266960,27,4.73s,113.08ms,783.96us,114.31ms,3.55ms,112.11ms,123.41ms
wild/rustsec-cargo-audit/both-alternate,count-captures,0.1.0 (rev b2eef23d05),rust/regex/pikevm/accEmptyStates,0.4.14,,5266960,25,4.65s,121.81ms,362.62us,121.79ms,750.78us,119.00ms,123.23ms
wild/rustsec-cargo-audit/both-alternate,count-captures,0.1.0 (rev b2eef23d05),rust/regex/pikevm/accOneAhead,0.4.14,,5266960,25,4.66s,119.71ms,134.92us,121.64ms,3.80ms,119.48ms,129.50ms
wild/url/search,count-spans,0.1.0 (rev b2eef23d05),rust/regex/pikevm,0.4.14,,7384531,2,7.42s,2.45s,36.16ms,2.45s,36.16ms,2.41s,2.48s
wild/url/search,count-spans,0.1.0 (rev b2eef23d05),rust/regex/pikevm/accEmptyStates,0.4.14,,7384531,2,7.42s,2.48s,1.05ms,2.48s,1.05ms,2.48s,2.48s
wild/url/search,count-spans,0.1.0 (rev b2eef23d05),rust/regex/pikevm/accOneAhead,0.4.14,,7384531,2,7.25s,2.41s,34.02ms,2.41s,34.02ms,2.37s,2.44s
